,user_id,type,use_days,use_duration,avg_cont_use,total_calls_log10,usage_range,mean_usage_scaled,sd_usage_scaled,cluster_label
0,0,gnql,0.7435897435897437,0.7435897435897436,0.7435897435897437,0.55653125771458,9.332305822533284e-06,0.9532342657342654,0.12210180581356343,-1
1,1,gnql,0.0,0.0,0.0,0.04087651241621224,0.0,1.0,0.0,0
4,2,gnql,0.025641025641025644,0.1452991452991453,0.0,0.2204191300843736,4.127750652274337e-06,0.2826086956521739,0.4153255037944087,1
6,3,gnql,0.008547008547008548,0.05982905982905984,0.0,0.1147548783282022,8.97337098320508e-07,0.5,0.5,1
10,5,gnql,0.07692307692307693,0.623931623931624,0.0,0.2985530844381533,1.561366551077684e-05,0.14712643678160917,0.28899761158285464,-1
15,6,gnql,0.10256410256410257,0.9059829059829061,0.001554001554001554,0.21604880942399843,1.4357393573128129e-06,0.125,0.2773500981126146,-1
17,7,gnql,0.12820512820512822,0.3247863247863248,0.008547008547008548,0.24046193164738397,1.794674196641016e-06,0.26875,0.30967472854593736,-1
19,8,gnql,0.025641025641025644,0.6837606837606838,0.0,0.17364046174644632,5.384022589923049e-07,0.5833333333333333,0.3632415786283894,-1
22,9,gnql,0.017094017094017096,0.8547008547008548,0.0,0.1147548783282022,1.794674196641016e-07,0.3333333333333333,0.4714045207910317,-1
24,10,gnql,0.1965811965811966,0.5982905982905984,0.004273504273504274,0.2905716882184412,4.845620330930743e-06,0.1759259259259259,0.20236654281216673,-1
26,11,gnql,0.10256410256410257,0.36752136752136755,0.001554001554001554,0.18741727658859586,7.178696786564064e-07,0.21153846153846154,0.3076923076923077,-1
28,12,gnql,0.051282051282051294,0.1623931623931624,0.011396011396011398,0.22578394887848208,2.5125438752974226e-06,0.32653061224489793,0.3578709778928609,1
29,13,gnql,0.05982905982905984,0.20512820512820515,0.0028490028490028487,0.18228601192847693,8.97337098320508e-07,0.35,0.3122498999199199,1
32,14,gnql,0.2136752136752137,0.46153846153846156,0.10256410256410257,0.40724844226359985,5.5275965256543296e-05,0.11488511488511491,0.19809099720484424,-1
35,15,gnql,0.5982905982905984,1.0,0.021794871794871797,0.4516792714288807,2.7099580369279344e-05,0.18449771476541366,0.22766543214256216,-1
37,16,gnql,0.06837606837606838,0.4786324786324787,0.001068376068376068,0.2204191300843736,1.794674196641016e-06,0.26666666666666666,0.32998316455372223,-1
40,17,gnql,0.017094017094017096,0.47008547008547014,0.0,0.14654076417238365,8.97337098320508e-07,0.39999999999999997,0.43204937989385733,-1
44,19,gnql,0.17948717948717952,0.9145299145299146,0.007122507122507123,0.4035290570188464,4.6482061693002317e-05,0.15672165672165675,0.24152018907990927,-1
46,20,gnql,0.0,0.0,0.0,0.08175302483242448,0.0,1.0,0.0,0
49,21,gnql,0.2136752136752137,0.2136752136752137,0.2136752136752137,0.5581676163154898,0.00020602859777438864,0.18476949879388904,0.2517194753424796,-1
52,22,gnql,0.017094017094017096,0.05128205128205129,0.0,0.20251026699388197,4.127750652274337e-06,0.4057971014492754,0.4294357214501175,1
54,23,gnql,0.05982905982905984,0.7094017094017094,0.005128205128205129,0.2204191300843736,1.794674196641016e-06,0.32499999999999996,0.39607448794387146,-1
57,24,gnql,0.09401709401709403,0.09401709401709403,0.09401709401709403,0.31245418244906736,1.220378453715891e-05,0.15686274509803919,0.2553728681888452,-1
61,25,gnql,0.15384615384615385,0.9914529914529916,0.003052503052503054,0.3288267761008606,1.7049404868089652e-05,0.12520775623268698,0.2292732036606228,-1
63,26,gnql,0.0,0.0,0.0,0.04087651241621224,0.0,1.0,0.0,0
65,27,gnql,0.15384615384615385,0.8974358974358976,0.004985754985754985,0.29389495285144673,4.307218071938439e-06,0.27850877192982465,0.30530537618926856,-1
67,28,gnql,0.12820512820512822,0.4017094017094017,0.003885003885003886,0.23738441557683895,1.2562719376487113e-06,0.3571428571428571,0.28571428571428575,-1
69,29,gnql,0.20512820512820515,0.8461538461538463,0.005698005698005699,0.31780617977519365,4.48668549160254e-06,0.2704,0.2882843041166133,-1
71,30,gnql,0.10256410256410257,0.15384615384615385,0.019230769230769232,0.24525907449727344,1.6152067769769145e-06,0.43589743589743585,0.3186555877317478,1
73,31,gnql,0.18803418803418806,0.3931623931623932,0.01111111111111111,0.296656704261094,2.333076455633321e-06,0.35785953177257523,0.2641505363742893,-1
77,33,gnql,0.008547008547008548,0.017094017094017096,0.0,0.15563139074441446,2.1536090359692194e-06,0.5,0.5,1
78,34,gnql,0.042735042735042736,0.9145299145299146,0.0017094017094017085,0.1766653474326398,1.0768045179846097e-06,0.22222222222222224,0.35572912430182496,-1
80,35,gnql,0.0,0.0,0.0,0.13578883501642755,0.0,1.0,0.0,0
82,36,gnql,0.0,0.0,0.0,0.15126107008403927,0.0,1.0,0.0,0
84,37,gnql,0.2564102564102564,0.7350427350427351,0.007038712921065863,0.42960294845596714,4.504632233568951e-05,0.17941138671121964,0.24155703207117155,-1
89,39,gnql,0.025641025641025644,0.3162393162393163,0.0,0.14654076417238365,0.0,1.0,0.0,-1
91,40,gnql,0.025641025641025644,0.10256410256410257,0.0,0.17364046174644632,1.2562719376487113e-06,0.39285714285714285,0.42106521866255703,1
101,45,gnql,0.08547008547008549,0.8461538461538463,0.003205128205128206,0.23070115761664284,1.6152067769769145e-06,0.2828282828282828,0.3260608563953328,-1
104,46,gnql,0.0,0.0,0.0,0.18741727658859586,0.0,1.0,0.0,0
106,47,gnql,0.17094017094017097,0.5726495726495727,0.005259697567389875,0.27501392399624097,2.5125438752974226e-06,0.21768707482993196,0.25371505032614305,-1
108,48,gnql,0.10256410256410257,0.5555555555555556,0.007326007326007328,0.2553934865788708,4.845620330930743e-06,0.1794871794871795,0.25612519767131103,-1
110,49,gnql,0.11965811965811968,0.7264957264957266,0.004273504273504274,0.25841837226506426,2.8714787146256258e-06,0.20833333333333334,0.30590258071629417,-1
114,50,gnql,0.12820512820512822,0.5897435897435898,0.010989010989010988,0.28704990510046685,5.025087750594845e-06,0.21875,0.27370841171373805,-1
118,51,gnql,0.11965811965811968,0.6495726495726496,0.002136752136752136,0.34144750992691625,2.3689699395661414e-05,0.15757575757575756,0.24462698752218898,-1
120,52,gnql,0.1452991452991453,0.2991452991452992,0.013431013431013435,0.2930815283447673,2.5125438752974226e-06,0.4285714285714286,0.31943828249996997,-1
122,53,gnql,0.0,0.0,0.0,0.12957547867991828,0.0,1.0,0.0,0
123,54,gnql,0.0,0.0,0.0,0.14654076417238365,0.0,1.0,0.0,0
124,55,gnql,0.0,0.0,0.0,0.16350604966484897,0.0,1.0,0.0,0
126,56,gnql,0.008547008547008548,0.18803418803418806,0.0,0.20438256208106123,7.178696786564064e-07,0.5,0.5,1
128,57,gnql,0.008547008547008548,0.35042735042735046,0.0,0.1766653474326398,7.178696786564064e-07,0.5,0.5,-1
131,60,gnql,0.017094017094017096,0.06837606837606838,0.0,0.16708122558117566,1.2562719376487113e-06,0.38095238095238093,0.4416008807378906,1
133,61,gnql,0.28205128205128205,0.7094017094017094,0.03296703296703296,0.4814467160245575,2.584330843163063e-05,0.6964869281045751,0.3523499211974268,-1
135,62,gnql,0.0,0.0,0.0,0.04087651241621224,0.0,1.0,0.0,0
137,63,gnql,0.042735042735042736,0.38461538461538464,0.0017094017094017085,0.20438256208106123,1.0768045179846097e-06,0.5555555555555555,0.35572912430182496,-1
139,64,gnql,0.1623931623931624,0.27350427350427353,0.019943019943019946,0.26336505980501446,2.8714787146256258e-06,0.146875,0.23574599015677872,-1
141,65,gnql,0.03418803418803419,0.4017094017094017,0.0,0.15126107008403927,3.589348393282032e-07,0.3,0.39999999999999997,-1
143,66,gnql,0.18803418803418806,0.9059829059829061,0.00373931623931624,0.3267812875213501,9.152838402869182e-06,0.19778346121057114,0.2330034163464015,-1
146,67,gnql,0.17094017094017097,0.8803418803418804,0.003418803418803419,0.32608338184054503,7.71709904555637e-06,0.2558139534883721,0.2918802082860027,-1
149,68,gnql,0.11111111111111113,0.7435897435897436,0.004748338081671416,0.292670569596304,5.204555170258946e-06,0.2832512315270935,0.2581041052305039,-1
151,69,gnql,0.0,0.0,0.0,0.09491232260021532,0.0,1.0,0.0,0
154,70,gnql,0.0,0.0,0.0,0.12262953724863672,0.0,1.0,0.0,0
158,71,gnql,0.017094017094017096,0.1452991452991453,0.0,0.1985773204650553,3.948283232610236e-06,0.34848484848484845,0.4610643652940285,1
160,72,gnql,0.12820512820512822,0.23931623931623935,0.014245014245014245,0.24046193164738397,3.0509461342897273e-06,0.15808823529411764,0.24582917909417842,-1
162,73,gnql,0.042735042735042736,0.7094017094017094,0.0017094017094017085,0.15970006194017447,5.384022589923049e-07,0.5,0.3191423692521127,-1
165,74,gnql,0.0,0.0,0.0,0.296656704261094,0.0,1.0,0.0,0
167,75,gnql,0.03418803418803419,0.1452991452991453,0.005698005698005699,0.19213758250025154,2.333076455633321e-06,0.3230769230769231,0.3621108398750714,1
170,76,gnql,0.11965811965811968,0.8974358974358976,0.0,0.24525907449727344,3.589348393282032e-06,0.11333333333333333,0.24796953217863055,-1
171,77,gnql,0.15384615384615385,0.6837606837606838,0.003052503052503054,0.25054371334462977,1.2562719376487113e-06,0.24060150375939843,0.2664668443108173,-1
174,78,gnql,0.03418803418803419,0.17948717948717952,0.002136752136752136,0.15126107008403927,3.589348393282032e-07,0.3,0.39999999999999997,1
177,79,gnql,0.623931623931624,0.7606837606837608,0.08180708180708182,0.40390547749954375,4.666152911266642e-06,0.33627858627858626,0.16777640164926724,-1
180,80,gnql,0.11111111111111113,0.5811965811965812,0.008547008547008548,0.26470539799497866,5.025087750594845e-06,0.1913265306122449,0.23597972950310767,-1
185,82,gnql,0.0,0.0,0.0,0.08175302483242448,0.0,1.0,0.0,0
186,83,gnql,0.008547008547008548,0.41880341880341887,0.0,0.14140949951226467,1.794674196641016e-07,0.5,0.5,-1
187,84,gnql,0.017094017094017096,0.2820512820512821,0.0,0.13578883501642755,5.384022589923049e-07,0.4444444444444444,0.41573970964154905,1
190,85,gnql,0.0,0.0,0.0,0.08175302483242448,0.0,1.0,0.0,0
191,86,gnql,0.025641025641025644,0.7777777777777779,0.0,0.14654076417238365,0.0,1.0,0.0,-1
193,87,gnql,0.05982905982905984,0.17094017094017094,0.008547008547008548,0.16708122558117566,1.0768045179846097e-06,0.18750000000000003,0.31663925319938885,1
194,88,gnql,0.008547008547008548,0.11965811965811968,0.0,0.10566425175617139,3.589348393282032e-07,0.5,0.5,1
196,89,gnql,0.025641025641025644,0.6837606837606838,0.0028490028490028487,0.26536431369634583,1.3998458733799926e-05,0.2628205128205128,0.42573948505949566,-1
198,90,gnql,0.0,0.0,0.0,0.0,0.0,1.0,0.0,0
200,91,gnql,0.05982905982905984,0.5982905982905984,0.0,0.2341374115800287,3.7688158129461337e-06,0.22023809523809523,0.32115288000514786,-1
202,92,gnql,0.12820512820512822,0.7948717948717949,0.003885003885003886,0.2782609279930512,4.127750652274337e-06,0.21739130434782608,0.2644679360999226,-1
204,93,gnql,0.008547008547008548,0.3076923076923077,0.0,0.1147548783282022,1.794674196641016e-07,0.5,0.5,1
206,94,gnql,0.051282051282051294,0.2991452991452992,0.0014245014245014252,0.18490743646226981,8.97337098320508e-07,0.2571428571428572,0.3155817433482075,-1
208,95,gnql,0.017094017094017096,0.6153846153846154,0.0,0.23842820108640547,6.819761947235861e-06,0.4473684210526316,0.41497811131631124,-1
212,97,gnql,0.025641025641025644,0.5811965811965812,0.0,0.21132850351234278,1.974141616305118e-06,0.6363636363636364,0.38030001206094344,-1
214,98,gnql,0.008547008547008548,0.2905982905982906,0.0,0.13578883501642755,3.589348393282032e-07,0.5,0.5,1
215,99,gnql,0.008547008547008548,0.042735042735042736,0.0,0.20057657435638668,4.666152911266642e-06,0.5,0.5,1
217,100,gnql,0.008547008547008548,0.7863247863247864,0.0,0.20057657435638668,7.178696786564064e-07,0.5,0.5,-1
219,101,gnql,0.042735042735042736,0.11111111111111112,0.0,0.20057657435638668,3.7688158129461337e-06,0.19047619047619047,0.363696483726654,1
221,102,gnql,0.06837606837606838,0.15384615384615385,0.010683760683760684,0.2538207975980227,2.5125438752974226e-06,0.4444444444444444,0.34794143201242816,1
223,103,gnql,0.0,0.0,0.0,0.06478773933995914,0.0,1.0,0.0,0
225,104,gnql,0.11965811965811968,0.6324786324786326,0.001314924391847468,0.30355980345165967,9.511773242197386e-06,0.17861635220125788,0.31571074168932145,-1
227,105,gnql,0.042735042735042736,0.6837606837606838,0.0,0.2096672009284175,3.0509461342897273e-06,0.22549019607843138,0.3519867268826714,-1
230,106,gnql,0.0,0.0,0.0,0.04087651241621224,0.0,1.0,0.0,0
231,107,gnql,0.051282051282051294,0.3760683760683761,0.0014245014245014252,0.24145308677259894,1.974141616305118e-06,0.5974025974025974,0.29500822575585833,-1
232,108,gnql,0.025641025641025644,0.17948717948717952,0.0028490028490028487,0.21899804103727388,3.0509461342897273e-06,0.48529411764705876,0.3562953364584035,1
234,109,gnql,0.06837606837606838,0.23076923076923078,0.010683760683760684,0.26536431369634583,4.307218071938439e-06,0.3333333333333333,0.35843021946010944,1
237,110,gnql,0.03418803418803419,0.3076923076923077,0.002136752136752136,0.16708122558117566,8.97337098320508e-07,0.48,0.3709447398198282,-1
239,111,gnql,0.08547008547008549,0.4273504273504274,0.007122507122507123,0.32345131920051745,1.8305676805738364e-05,0.1951871657754011,0.3163176817259978,-1
242,112,gnql,0.017094017094017096,0.13675213675213677,0.0,0.2244878012801336,7.358164206228166e-06,0.34146341463414637,0.46576213292365864,1
244,113,gnql,0.025641025641025644,0.4957264957264958,0.0,0.13578883501642755,1.794674196641016e-07,0.5,0.5,-1
246,114,gnql,0.008547008547008548,0.22222222222222224,0.0,0.10566425175617139,0.0,1.0,0.0,0
249,115,gnql,0.051282051282051294,0.6581196581196582,0.0014245014245014252,0.13578883501642755,3.589348393282032e-07,0.21428571428571427,0.36421567954234174,-1
250,116,gnql,0.0,0.0,0.0,0.14140949951226467,0.0,1.0,0.0,0
252,117,gnql,0.03418803418803419,0.22222222222222224,0.005698005698005699,0.2341374115800287,4.127750652274337e-06,0.3739130434782608,0.4139349647099793,1
254,118,gnql,0.042735042735042736,0.10256410256410257,0.008547008547008548,0.1985773204650553,1.4357393573128129e-06,0.3541666666666667,0.36383852492860375,1
256,119,gnql,0.008547008547008548,0.3162393162393163,0.0,0.1147548783282022,5.384022589923049e-07,0.5,0.5,-1
258,120,gnql,0.025641025641025644,0.6068376068376069,0.0028490028490028487,0.15126107008403927,3.589348393282032e-07,0.625,0.414578098794425,-1
260,121,gnql,0.08547008547008549,0.25641025641025644,0.004884004884004884,0.24969517580222897,4.666152911266642e-06,0.16433566433566435,0.28692640893606497,-1
262,122,gnql,0.03418803418803419,0.18803418803418806,0.002136752136752136,0.21451697416265855,4.845620330930743e-06,0.2074074074074074,0.39655581672071627,1
264,123,gnql,0.042735042735042736,0.06837606837606838,0.008547008547008548,0.2424278584161829,4.666152911266642e-06,0.31410256410256415,0.36448381989306405,1
266,124,gnql,0.0,0.0,0.0,0.15563139074441446,0.0,1.0,0.0,0
268,125,gnql,0.008547008547008548,0.042735042735042736,0.0,0.17364046174644632,1.2562719376487113e-06,0.5,0.5,1
270,126,gnql,0.05982905982905984,0.2478632478632479,0.0012210012210012201,0.30110956145243917,8.97337098320508e-06,0.27249999999999996,0.33895980587674407,1
272,127,gnql,0.0,0.0,0.0,0.12262953724863672,0.0,1.0,0.0,0
273,128,gnql,0.0,0.0,0.0,0.04087651241621224,0.0,1.0,0.0,0
277,130,gnql,0.03418803418803419,0.06837606837606838,0.005698005698005699,0.16708122558117566,8.97337098320508e-07,0.27999999999999997,0.3919183588453085,1
280,131,gnql,0.051282051282051294,0.36752136752136755,0.0014245014245014252,0.32631693597453454,1.686993744842555e-05,0.3525835866261398,0.3280140866006982,-1
281,132,gnql,0.017094017094017096,0.017094017094017096,0.017094017094017096,0.17364046174644632,1.794674196641016e-06,0.3333333333333333,0.4714045207910317,1
283,133,gnql,0.12820512820512822,0.6837606837606838,0.008547008547008548,0.28750180265081837,4.307218071938439e-06,0.29947916666666663,0.3414438901511166,-1
286,134,gnql,0.008547008547008548,0.5299145299145299,0.0,0.1147548783282022,5.384022589923049e-07,0.5,0.5,-1
289,135,gnql,0.09401709401709403,0.6495726495726496,0.0028490028490028487,0.2782609279930512,6.999229366899963e-06,0.18803418803418806,0.27523490919836957,-1
291,136,gnql,0.017094017094017096,0.20512820512820515,0.0,0.18982464520043063,1.4357393573128129e-06,0.5416666666666666,0.41247895569215276,1
293,137,gnql,0.03418803418803419,0.38461538461538464,0.002136752136752136,0.17045199109613052,7.178696786564064e-07,0.4,0.37416573867739417,-1
296,138,gnql,0.0,0.0,0.0,0.18490743646226981,0.0,1.0,0.0,0
298,139,gnql,0.0,0.0,0.0,0.06478773933995914,0.0,1.0,0.0,0
301,140,gnql,0.017094017094017096,0.5811965811965812,0.0,0.1985773204650553,3.7688158129461337e-06,0.3650793650793651,0.4506371290977267,-1
302,141,gnql,0.13675213675213677,0.5128205128205129,0.003561253561253563,0.2897107628298124,6.64029452757176e-06,0.1891891891891892,0.23415269054708632,-1
304,143,gnql,0.0,0.0,0.0,0.04087651241621224,0.0,1.0,0.0,0
305,144,gnql,0.0,0.0,0.0,0.06478773933995914,0.0,1.0,0.0,0
306,145,gnql,0.0,0.0,0.0,0.08175302483242448,0.0,1.0,0.0,0
309,146,gnql,0.0,0.0,0.0,0.18490743646226981,0.0,1.0,0.0,0
311,148,gnql,0.008547008547008548,0.23931623931623935,0.0,0.12957547867991828,1.794674196641016e-07,0.5,0.5,1
313,149,gnql,0.017094017094017096,0.43589743589743596,0.004273504273504274,0.16708122558117566,1.6152067769769145e-06,0.40740740740740744,0.4287347001033417,-1
316,150,gnql,0.0,0.0,0.0,0.04087651241621224,0.0,1.0,0.0,0
319,151,gnql,0.0,0.0,0.0,0.04087651241621224,0.0,1.0,0.0,0
322,153,gnql,0.05982905982905984,0.26495726495726496,0.005128205128205129,0.32018122591882997,1.4357393573128128e-05,0.33125,0.37243917288598954,1
323,154,gnql,0.0,0.0,0.0,0.04087651241621224,0.0,1.0,0.0,0
324,155,gnql,0.0,0.0,0.0,0.1147548783282022,0.0,1.0,0.0,0
325,156,gnql,0.0,0.0,0.0,0.04087651241621224,0.0,1.0,0.0,0
327,157,gnql,0.0,0.0,0.0,0.08175302483242448,0.0,1.0,0.0,0
328,158,gnql,0.0,0.0,0.0,0.08175302483242448,0.0,1.0,0.0,0
329,159,gnql,0.017094017094017096,0.5128205128205129,0.0,0.37782871610064206,7.214590270496885e-05,0.3706467661691542,0.44736024060220375,-1
330,160,gnql,0.0,0.0,0.0,0.08175302483242448,0.0,1.0,0.0,0
331,161,gnql,0.008547008547008548,0.08547008547008547,0.0,0.08175302483242448,0.0,1.0,0.0,0
332,162,gnql,0.0,0.0,0.0,0.13578883501642755,0.0,1.0,0.0,0
333,163,gnql,0.008547008547008548,0.23931623931623935,0.0,0.2096672009284175,1.794674196641016e-07,0.5,0.5,1
334,164,gnql,0.0,0.0,0.0,0.20795773799738793,0.0,1.0,0.0,0
336,165,gnql,0.025641025641025644,0.2820512820512821,0.0,0.1985773204650553,3.4098809736179305e-06,0.2763157894736842,0.4200234131450623,1
337,166,gnql,0.0,0.0,0.0,0.06478773933995914,0.0,1.0,0.0,0
339,167,gnql,0.0,0.0,0.0,0.12957547867991828,0.0,1.0,0.0,0
341,168,gnql,0.03418803418803419,0.35042735042735046,0.002136752136752136,0.31156289583502167,1.7049404868089652e-05,0.3410526315789474,0.36734278299921264,-1
343,169,gnql,0.017094017094017096,0.017094017094017096,0.017094017094017096,0.16708122558117566,1.6152067769769145e-06,0.40740740740740744,0.4287347001033417,1
344,170,gnql,0.0,0.0,0.0,0.17045199109613052,0.0,1.0,0.0,0
346,171,gnql,0.0,0.0,0.0,0.04087651241621224,0.0,1.0,0.0,0
349,172,gnql,0.042735042735042736,0.11111111111111112,0.004273504273504274,0.2553934865788708,3.7688158129461337e-06,0.5555555555555555,0.3190436705117743,1
352,173,gnql,0.008547008547008548,0.17094017094017094,0.0,0.22829378900480812,1.794674196641016e-06,0.5,0.5,1
353,174,gnql,0.0,0.0,0.0,0.12262953724863672,0.0,1.0,0.0,0
354,175,gnql,0.03418803418803419,0.38461538461538464,0.002136752136752136,0.16350604966484897,5.384022589923049e-07,0.39999999999999997,0.38873012632302006,-1
357,176,gnql,0.27350427350427353,0.4444444444444445,0.08547008547008549,0.4232005347593407,4.773833363065103e-05,0.13397129186602869,0.22888273509706228,-1
360,177,gnql,0.008547008547008548,0.2991452991452992,0.0,0.24145308677259894,5.025087750594845e-06,0.5,0.5,1
363,178,gnql,0.008547008547008548,0.23931623931623935,0.0,0.08175302483242448,0.0,1.0,0.0,0
365,179,gnql,0.0,0.0,0.0,0.06478773933995914,0.0,1.0,0.0,0
367,180,gnql,0.05982905982905984,0.41880341880341887,0.0012210012210012201,0.19213758250025154,7.178696786564064e-07,0.3125,0.29973947020704494,-1
368,181,gnql,0.0,0.0,0.0,0.08175302483242448,0.0,1.0,0.0,0
371,183,gnql,0.0,0.0,0.0,0.15126107008403927,0.0,1.0,0.0,0
373,184,gnql,0.008547008547008548,0.20512820512820515,0.0,0.1147548783282022,1.794674196641016e-07,0.5,0.5,1
374,185,gnql,0.0,0.0,0.0,0.1147548783282022,0.0,1.0,0.0,0
375,186,gnql,0.0,0.0,0.0,0.17045199109613052,0.0,1.0,0.0,0
376,187,gnql,0.0,0.0,0.0,0.08175302483242448,0.0,1.0,0.0,0
377,188,gnql,0.008547008547008548,0.03418803418803419,0.0,0.24707375126843611,8.614436143876878e-06,0.5,0.5,1
379,189,gnql,0.03418803418803419,0.11965811965811968,0.002136752136752136,0.2755676589731114,1.7408339707417856e-05,0.2,0.4,1
381,190,gnql,0.008547008547008548,0.03418803418803419,0.0,0.2341374115800287,1.2562719376487113e-06,0.5,0.5,1
383,191,gnql,0.0,0.0,0.0,0.12957547867991828,0.0,1.0,0.0,0
384,192,gnql,0.0,0.0,0.0,0.08175302483242448,0.0,1.0,0.0,0
387,194,gnql,0.008547008547008548,0.05128205128205129,0.0,0.10566425175617139,3.589348393282032e-07,0.5,0.5,1
388,195,gnql,0.008547008547008548,0.008547008547008548,0.008547008547008548,0.25987455345348615,1.1126980019174299e-05,0.5,0.5,1
389,196,gnql,0.017094017094017096,0.042735042735042736,0.004273504273504274,0.17045199109613052,5.384022589923049e-07,0.3333333333333333,0.4714045207910317,1
392,198,gnql,0.0,0.0,0.0,0.04087651241621224,0.0,1.0,0.0,0
393,199,gnql,0.017094017094017096,0.11111111111111112,0.0,0.18228601192847693,2.5125438752974226e-06,0.38095238095238093,0.4416008807378906,1
394,200,gnql,0.0,0.0,0.0,0.06478773933995914,0.0,1.0,0.0,0
396,201,gnql,0.0,0.0,0.0,0.08175302483242448,0.0,1.0,0.0,0
398,202,gnql,0.03418803418803419,0.08547008547008547,0.002136752136752136,0.2096672009284175,4.48668549160254e-06,0.2,0.4,1
401,203,gnql,0.0,0.0,0.0,0.0,0.0,1.0,0.0,0
403,204,gnql,0.008547008547008548,0.008547008547008548,0.008547008547008548,0.12262953724863672,0.0,1.0,0.0,0
406,205,gnql,0.0,0.0,0.0,0.08175302483242448,0.0,1.0,0.0,0
407,206,gnql,0.0,0.0,0.0,0.12957547867991828,0.0,1.0,0.0,0
408,207,gnql,0.0,0.0,0.0,0.06478773933995914,0.0,1.0,0.0,0
413,209,gnql,0.03418803418803419,0.07692307692307693,0.01282051282051282,0.1965079031606267,2.1536090359692194e-06,0.3,0.3711842908553348,1
415,210,gnql,0.008547008547008548,0.05128205128205129,0.0,0.1147548783282022,1.794674196641016e-07,0.5,0.5,1
418,211,gnql,0.008547008547008548,0.1623931623931624,0.0,0.09491232260021532,1.794674196641016e-07,0.5,0.5,1
421,214,gnql,0.008547008547008548,0.07692307692307693,0.0,0.2538207975980227,5.025087750594845e-06,0.5,0.5,1
422,215,gnql,0.0,0.0,0.0,0.06478773933995914,0.0,1.0,0.0,0
423,216,gnql,0.0,0.0,0.0,0.04087651241621224,0.0,1.0,0.0,0
424,217,gnql,0.008547008547008548,0.042735042735042736,0.0,0.1766653474326398,2.8714787146256258e-06,0.5,0.5,1
426,218,gnql,0.0,0.0,0.0,0.04087651241621224,0.0,1.0,0.0,0
428,219,gnql,0.051282051282051294,0.10256410256410257,0.011396011396011398,0.3112627814888289,2.1356622940028093e-05,0.21848739495798322,0.32894471631015826,1
430,220,gnql,0.008547008547008548,0.12820512820512822,0.0,0.25915095735983656,1.1306447438838401e-05,0.5,0.5,1
431,221,gnql,0.0,0.0,0.0,0.06478773933995914,0.0,1.0,0.0,0
433,222,gnql,0.0,0.0,0.0,0.1985773204650553,0.0,1.0,0.0,0
434,223,gnql,0.017094017094017096,0.03418803418803419,0.004273504273504274,0.2443303570081205,3.589348393282032e-06,0.5499999999999999,0.4143267631552018,1
436,224,gnql,0.008547008547008548,0.008547008547008548,0.008547008547008548,0.1147548783282022,1.794674196641016e-07,0.5,0.5,1
437,225,gnql,0.03418803418803419,0.2136752136752137,0.0,0.2803303452974798,9.152838402869182e-06,0.41568627450980394,0.38291060388185544,1
438,226,gnql,0.0,0.0,0.0,0.17954261766816138,0.0,1.0,0.0,0
440,227,gnql,0.008547008547008548,0.13675213675213677,0.0,0.08175302483242448,0.0,1.0,0.0,0
441,228,gnql,0.0,0.0,0.0,0.14654076417238365,0.0,1.0,0.0,0
442,229,gnql,0.0,0.0,0.0,0.08175302483242448,0.0,1.0,0.0,0
444,231,gnql,0.0,0.0,0.0,0.26129564250058585,0.0,1.0,0.0,0
445,232,gnql,0.0,0.0,0.0,0.13578883501642755,0.0,1.0,0.0,0
446,233,gnql,0.0,0.0,0.0,0.04087651241621224,0.0,1.0,0.0,0
447,234,gnql,0.0,0.0,0.0,0.06478773933995914,0.0,1.0,0.0,0
448,235,gnql,0.017094017094017096,0.10256410256410257,0.0,0.23632182211248,7.358164206228166e-06,0.3739837398373984,0.4454513018472431,1
449,236,gnql,0.0,0.0,0.0,0.14140949951226467,0.0,1.0,0.0,0
450,237,gnql,0.0,0.0,0.0,0.12957547867991828,0.0,1.0,0.0,0
451,238,gnql,0.0,0.0,0.0,0.2129442851818104,0.0,1.0,0.0,0
452,239,gnql,0.0,0.0,0.0,0.12957547867991828,0.0,1.0,0.0,0
453,240,gnql,0.008547008547008548,0.008547008547008548,0.008547008547008548,0.25987455345348615,7.537631625892267e-06,0.5,0.5,1
454,241,gnql,0.0,0.0,0.0,0.13578883501642755,0.0,1.0,0.0,0
456,242,gnql,0.0,0.0,0.0,0.04087651241621224,0.0,1.0,0.0,0
460,244,gnql,0.0,0.0,0.0,0.10566425175617139,0.0,1.0,0.0,0
461,245,gnql,0.0,0.0,0.0,0.08175302483242448,0.0,1.0,0.0,0
462,246,gnql,0.042735042735042736,0.11111111111111112,0.008547008547008548,0.2129442851818104,2.692011294961524e-06,0.3444444444444445,0.3818408950542129,1
463,247,gnql,0.0,0.0,0.0,0.15563139074441446,0.0,1.0,0.0,0
465,248,gnql,0.0,0.0,0.0,0.04087651241621224,0.0,1.0,0.0,0
467,250,gnql,0.0,0.0,0.0,0.06478773933995914,0.0,1.0,0.0,0
469,251,gnql,0.0,0.0,0.0,0.17045199109613052,0.0,1.0,0.0,0
470,252,gnql,0.008547008547008548,0.008547008547008548,0.008547008547008548,0.23301409491646377,2.5125438752974226e-06,0.5,0.5,1
471,253,gnql,0.0,0.0,0.0,0.1147548783282022,0.0,1.0,0.0,0
472,254,gnql,0.0,0.0,0.0,0.06478773933995914,0.0,1.0,0.0,0
473,255,gnql,0.0,0.0,0.0,0.12262953724863672,0.0,1.0,0.0,0
474,256,gnql,0.0,0.0,0.0,0.1766653474326398,0.0,1.0,0.0,0
475,257,gnql,0.0,0.0,0.0,0.08175302483242448,0.0,1.0,0.0,0
476,258,gnql,0.0,0.0,0.0,0.13578883501642755,0.0,1.0,0.0,0
479,260,gnql,0.0,0.0,0.0,0.20438256208106123,0.0,1.0,0.0,0
480,261,gnql,0.0,0.0,0.0,0.14140949951226467,0.0,1.0,0.0,0
481,262,gnql,0.008547008547008548,0.05128205128205129,0.0,0.2129442851818104,5.204555170258946e-06,0.5,0.5,1
482,263,gnql,0.008547008547008548,0.008547008547008548,0.008547008547008548,0.16708122558117566,1.794674196641016e-07,0.5,0.5,1
486,265,gnql,0.0,0.0,0.0,0.04087651241621224,0.0,1.0,0.0,0
487,266,gnql,0.0,0.0,0.0,0.10566425175617139,0.0,1.0,0.0,0
490,267,gnql,0.008547008547008548,0.06837606837606838,0.0,0.14140949951226467,5.384022589923049e-07,0.5,0.5,1
491,268,gnql,0.0,0.0,0.0,0.10566425175617139,0.0,1.0,0.0,0
492,269,gnql,0.0,0.0,0.0,0.15563139074441446,0.0,1.0,0.0,0
493,270,gnql,0.025641025641025644,0.06837606837606838,0.0,0.15970006194017447,1.2562719376487113e-06,0.25,0.4330127018922193,1
494,271,gnql,0.0,0.0,0.0,0.1985773204650553,0.0,1.0,0.0,0
495,272,gnql,0.0,0.0,0.0,0.10566425175617139,0.0,1.0,0.0,0
498,275,gnql,0.025641025641025644,0.08547008547008547,0.0,0.23301409491646377,3.948283232610236e-06,0.45454545454545453,0.36927447293799814,1
499,276,gnql,0.0,0.0,0.0,0.12262953724863672,0.0,1.0,0.0,0
500,277,gnql,0.0,0.0,0.0,0.13578883501642755,0.0,1.0,0.0,0
501,278,gnql,0.0,0.0,0.0,0.08175302483242448,0.0,1.0,0.0,0
502,279,gnql,0.0,0.0,0.0,0.15970006194017447,0.0,1.0,0.0,0
503,280,gnql,0.0,0.0,0.0,0.08175302483242448,0.0,1.0,0.0,0
504,281,gnql,0.0,0.0,0.0,0.08175302483242448,0.0,1.0,0.0,0
505,282,gnql,0.025641025641025644,0.13675213675213677,0.0,0.24145308677259894,3.948283232610236e-06,0.3181818181818182,0.40909090909090906,1
508,284,gnql,0.03418803418803419,0.17094017094017094,0.0,0.22578394887848208,4.127750652274337e-06,0.3565217391304348,0.412837477233712,1
510,285,gnql,0.0,0.0,0.0,0.0,0.0,1.0,0.0,0
513,286,gnql,0.0,0.0,0.0,0.04087651241621224,0.0,1.0,0.0,0
514,287,gnql,0.0,0.0,0.0,0.12262953724863672,0.0,1.0,0.0,0
516,288,gnql,0.017094017094017096,0.17094017094017094,0.0,0.1147548783282022,1.794674196641016e-07,0.3333333333333333,0.4714045207910317,1
520,289,gnql,0.0,0.0,0.0,0.08175302483242448,0.0,1.0,0.0,0
521,290,gnql,0.0,0.0,0.0,0.08175302483242448,0.0,1.0,0.0,0
524,291,gnql,0.0,0.0,0.0,0.06478773933995914,0.0,1.0,0.0,0
525,292,gnql,0.0,0.0,0.0,0.12262953724863672,0.0,1.0,0.0,0
526,293,gnql,0.025641025641025644,0.03418803418803419,0.008547008547008548,0.2777320245217696,1.3639523894471722e-05,0.3519736842105263,0.39554467776126523,1
527,294,gnql,0.017094017094017096,0.09401709401709403,0.004273504273504274,0.12957547867991828,3.589348393282032e-07,0.5,0.408248290463863,1
528,295,gnql,0.0,0.0,0.0,0.04087651241621224,0.0,1.0,0.0,0
530,296,gnql,0.0,0.0,0.0,0.09491232260021532,0.0,1.0,0.0,0
531,297,gnql,0.0,0.0,0.0,0.16350604966484897,0.0,1.0,0.0,0
532,298,gnql,0.0,0.0,0.0,0.09491232260021532,0.0,1.0,0.0,0
533,299,gnql,0.0,0.0,0.0,0.17045199109613052,0.0,1.0,0.0,0
534,300,gnql,0.0,0.0,0.0,0.1965079031606267,0.0,1.0,0.0,0
536,301,gnql,0.0,0.0,0.0,0.10566425175617139,0.0,1.0,0.0,0
538,302,gnql,0.0,0.0,0.0,0.1766653474326398,0.0,1.0,0.0,0
539,303,gnql,0.0,0.0,0.0,0.18228601192847693,0.0,1.0,0.0,0
540,304,gnql,0.0,0.0,0.0,0.10566425175617139,0.0,1.0,0.0,0
541,305,gnql,0.0,0.0,0.0,0.09491232260021532,0.0,1.0,0.0,0
544,308,gnql,0.0,0.0,0.0,0.04087651241621224,0.0,1.0,0.0,0
546,309,gnql,0.03418803418803419,0.12820512820512822,0.005698005698005699,0.21132850351234278,1.794674196641016e-06,0.5199999999999999,0.34292856398964494,1
547,310,gnql,0.0,0.0,0.0,0.18741727658859586,0.0,1.0,0.0,0
548,311,gnql,0.07692307692307693,0.17094017094017094,0.008547008547008548,0.2978018342564229,3.7688158129461337e-06,0.5047619047619047,0.3634054100635984,1
550,313,gnql,0.0,0.0,0.0,0.08175302483242448,0.0,1.0,0.0,0
551,314,gnql,0.0,0.0,0.0,0.12262953724863672,0.0,1.0,0.0,0
552,315,gnql,0.008547008547008548,0.008547008547008548,0.008547008547008548,0.20057657435638668,2.1536090359692194e-06,0.5,0.5,1
554,316,gnql,0.0,0.0,0.0,0.20057657435638668,0.0,1.0,0.0,0
555,317,gnql,0.0,0.0,0.0,0.12262953724863672,0.0,1.0,0.0,0
556,318,gnql,0.0,0.0,0.0,0.12957547867991828,0.0,1.0,0.0,0
557,319,gnql,0.03418803418803419,0.1452991452991453,0.002136752136752136,0.21132850351234278,3.230413553953829e-06,0.28888888888888886,0.3624334762288909,1
560,321,gnql,0.0,0.0,0.0,0.04087651241621224,0.0,1.0,0.0,0
561,322,gnql,0.0,0.0,0.0,0.12957547867991828,0.0,1.0,0.0,0
562,323,gnql,0.0,0.0,0.0,0.10566425175617139,0.0,1.0,0.0,0
563,324,gnql,0.0,0.0,0.0,0.24145308677259894,0.0,1.0,0.0,0
564,325,gnql,0.0,0.0,0.0,0.1965079031606267,0.0,1.0,0.0,0
565,326,gnql,0.0,0.0,0.0,0.16350604966484897,0.0,1.0,0.0,0
566,327,gnql,0.0,0.0,0.0,0.06478773933995914,0.0,1.0,0.0,0
567,328,gnql,0.0,0.0,0.0,0.04087651241621224,0.0,1.0,0.0,0
568,329,gnql,0.0,0.0,0.0,0.10566425175617139,0.0,1.0,0.0,0
569,330,gnql,0.0,0.0,0.0,0.04087651241621224,0.0,1.0,0.0,0
570,331,gnql,0.0,0.0,0.0,0.08175302483242448,0.0,1.0,0.0,0
571,332,gnql,0.0,0.0,0.0,0.14140949951226467,0.0,1.0,0.0,0
572,333,gnql,0.0,0.0,0.0,0.04087651241621224,0.0,1.0,0.0,0
573,334,gnql,0.008547008547008548,0.008547008547008548,0.008547008547008548,0.2204191300843736,6.101892268579455e-06,0.5,0.5,1
574,335,gnql,0.017094017094017096,0.15384615384615385,0.004273504273504274,0.12957547867991828,3.589348393282032e-07,0.5,0.408248290463863,1
575,336,gnql,0.0,0.0,0.0,0.12957547867991828,0.0,1.0,0.0,0
576,337,gnql,0.0,0.0,0.0,0.10566425175617139,0.0,1.0,0.0,0
578,338,gnql,0.008547008547008548,0.042735042735042736,0.0,0.10566425175617139,3.589348393282032e-07,0.5,0.5,1
579,339,gnql,0.008547008547008548,0.008547008547008548,0.008547008547008548,0.08175302483242448,0.0,1.0,0.0,0
580,340,gnql,0.017094017094017096,0.13675213675213677,0.0,0.13578883501642755,7.178696786564064e-07,0.3333333333333333,0.4714045207910317,1
581,341,gnql,0.0,0.0,0.0,0.08175302483242448,0.0,1.0,0.0,0
583,342,gnql,0.008547008547008548,0.008547008547008548,0.008547008547008548,0.17954261766816138,2.333076455633321e-06,0.5,0.5,1
585,343,gnql,0.0,0.0,0.0,0.25054371334462977,0.0,1.0,0.0,0
586,344,gnql,0.0,0.0,0.0,0.15126107008403927,0.0,1.0,0.0,0
589,346,gnql,0.0,0.0,0.0,0.2766597705869571,0.0,1.0,0.0,0
590,347,gnql,0.0,0.0,0.0,0.04087651241621224,0.0,1.0,0.0,0
591,348,gnql,0.042735042735042736,0.15384615384615385,0.0017094017094017085,0.26336505980501446,3.4098809736179305e-06,0.5,0.3755574496246955,1
592,349,gnql,0.008547008547008548,0.008547008547008548,0.008547008547008548,0.09491232260021532,5.384022589923049e-07,0.5,0.5,1
595,350,gnql,0.05982905982905984,0.11111111111111112,0.008547008547008548,0.24145308677259894,3.7688158129461337e-06,0.26190476190476186,0.29160592175990213,1
596,351,gnql,0.008547008547008548,0.008547008547008548,0.008547008547008548,0.21899804103727388,6.64029452757176e-06,0.5,0.5,1
597,352,gnql,0.0,0.0,0.0,0.15970006194017447,0.0,1.0,0.0,0
598,353,gnql,0.0,0.0,0.0,0.12262953724863672,0.0,1.0,0.0,0
600,354,gnql,0.0,0.0,0.0,0.1985773204650553,0.0,1.0,0.0,0
601,355,gnql,0.0,0.0,0.0,0.06478773933995914,0.0,1.0,0.0,0
602,356,gnql,0.0,0.0,0.0,0.12957547867991828,0.0,1.0,0.0,0
603,357,gnql,0.0,0.0,0.0,0.2461733926842546,0.0,1.0,0.0,0
604,358,gnql,0.0,0.0,0.0,0.14654076417238365,0.0,1.0,0.0,0
605,359,gnql,0.008547008547008548,0.10256410256410257,0.0,0.37452660291212697,7.088963076732014e-05,0.5,0.5,1
606,360,gnql,0.0,0.0,0.0,0.18982464520043063,0.0,1.0,0.0,0
607,361,gnql,0.0,0.0,0.0,0.2096672009284175,0.0,1.0,0.0,0
609,362,gnql,0.0,0.0,0.0,0.06478773933995914,0.0,1.0,0.0,0
611,364,gnql,0.0,0.0,0.0,0.15970006194017447,0.0,1.0,0.0,0
612,365,gnql,0.0,0.0,0.0,0.18228601192847693,0.0,1.0,0.0,0
613,366,gnql,0.0,0.0,0.0,0.17045199109613052,0.0,1.0,0.0,0
614,367,gnql,0.008547008547008548,0.008547008547008548,0.008547008547008548,0.08175302483242448,0.0,1.0,0.0,0
617,369,gnql,0.0,0.0,0.0,0.0,0.0,1.0,0.0,0
618,370,gnql,0.008547008547008548,0.05982905982905984,0.0,0.14654076417238365,1.4357393573128129e-06,0.5,0.5,1
620,371,gnql,0.0,0.0,0.0,0.08175302483242448,0.0,1.0,0.0,0
621,372,gnql,0.0,0.0,0.0,0.10566425175617139,0.0,1.0,0.0,0
622,373,gnql,0.008547008547008548,0.008547008547008548,0.008547008547008548,0.20438256208106123,3.230413553953829e-06,0.5,0.5,1
623,374,gnql,0.0,0.0,0.0,0.30287006059760324,0.0,1.0,0.0,0
624,375,gnql,0.0,0.0,0.0,0.2424278584161829,0.0,1.0,0.0,0
625,376,gnql,0.0,0.0,0.0,0.18490743646226981,0.0,1.0,0.0,0
626,377,gnql,0.0,0.0,0.0,0.14654076417238365,0.0,1.0,0.0,0
627,378,gnql,0.0,0.0,0.0,0.16350604966484897,0.0,1.0,0.0,0
628,379,gnql,0.0,0.0,0.0,0.17364046174644632,0.0,1.0,0.0,0
629,380,gnql,0.0,0.0,0.0,0.1965079031606267,0.0,1.0,0.0,0
631,381,gnql,0.0,0.0,0.0,0.08175302483242448,0.0,1.0,0.0,0
632,382,gnql,0.017094017094017096,0.11965811965811968,0.004273504273504274,0.1985773204650553,8.97337098320508e-07,0.3333333333333333,0.4714045207910317,1
633,383,gnql,0.0,0.0,0.0,0.04087651241621224,0.0,1.0,0.0,0
635,384,gnql,0.0,0.0,0.0,0.08175302483242448,0.0,1.0,0.0,0
636,385,gnql,0.008547008547008548,0.008547008547008548,0.008547008547008548,0.18982464520043063,3.0509461342897273e-06,0.5,0.5,1
637,386,gnql,0.0,0.0,0.0,0.04087651241621224,0.0,1.0,0.0,0
638,387,gnql,0.008547008547008548,0.008547008547008548,0.008547008547008548,0.20619723885222385,3.0509461342897273e-06,0.5,0.5,1
639,388,gnql,0.0,0.0,0.0,0.2129442851818104,0.0,1.0,0.0,0
640,389,gnql,0.0,0.0,0.0,0.21132850351234278,0.0,1.0,0.0,0
642,390,gnql,0.025641025641025644,0.09401709401709403,0.0,0.32246431136190024,2.1715557779356294e-05,0.4731404958677686,0.4521112507119077,1
643,391,gnql,0.0,0.0,0.0,0.2793047135026177,0.0,1.0,0.0,0
644,392,gnql,0.05982905982905984,0.11111111111111112,0.014245014245014245,0.2096672009284175,2.692011294961524e-06,0.15833333333333333,0.3196134818460851,1
645,393,gnql,0.0,0.0,0.0,0.04087651241621224,0.0,1.0,0.0,0
646,394,gnql,0.0,0.0,0.0,0.04087651241621224,0.0,1.0,0.0,0
647,395,gnql,0.0,0.0,0.0,0.16350604966484897,0.0,1.0,0.0,0
648,396,gnql,0.008547008547008548,0.008547008547008548,0.008547008547008548,0.24145308677259894,9.691240661861486e-06,0.5,0.5,1
649,397,gnql,0.0,0.0,0.0,0.1766653474326398,0.0,1.0,0.0,0
650,398,gnql,0.0,0.0,0.0,0.1147548783282022,0.0,1.0,0.0,0
653,400,gnql,0.008547008547008548,0.11111111111111112,0.0,0.19213758250025154,3.948283232610236e-06,0.5,0.5,1
654,401,gnql,0.008547008547008548,0.07692307692307693,0.0,0.22578394887848208,7.537631625892267e-06,0.5,0.5,1
655,402,gnql,0.0,0.0,0.0,0.23070115761664284,0.0,1.0,0.0,0
656,403,gnql,0.0,0.0,0.0,0.04087651241621224,0.0,1.0,0.0,0
657,404,gnql,0.0,0.0,0.0,0.08175302483242448,0.0,1.0,0.0,0
658,405,gnql,0.0,0.0,0.0,0.08175302483242448,0.0,1.0,0.0,0
659,406,gnql,0.0,0.0,0.0,0.04087651241621224,0.0,1.0,0.0,0
660,407,gnql,0.0,0.0,0.0,0.04087651241621224,0.0,1.0,0.0,0
663,408,gnql,0.017094017094017096,0.03418803418803419,0.004273504273504274,0.21132850351234278,2.1536090359692194e-06,0.5,0.408248290463863,1
664,409,gnql,0.0,0.0,0.0,0.1985773204650553,0.0,1.0,0.0,0
666,410,gnql,0.008547008547008548,0.008547008547008548,0.008547008547008548,0.21451697416265855,2.1536090359692194e-06,0.5,0.5,1
667,411,gnql,0.0,0.0,0.0,0.16708122558117566,0.0,1.0,0.0,0
668,412,gnql,0.0,0.0,0.0,0.17954261766816138,0.0,1.0,0.0,0
670,413,gnql,0.0,0.0,0.0,0.04087651241621224,0.0,1.0,0.0,0
672,414,gnql,0.0,0.0,0.0,0.08175302483242448,0.0,1.0,0.0,0
674,416,gnql,0.0,0.0,0.0,0.08175302483242448,0.0,1.0,0.0,0
675,417,gnql,0.0,0.0,0.0,0.25220501592855504,0.0,1.0,0.0,0
676,418,gnql,0.0,0.0,0.0,0.23070115761664284,0.0,1.0,0.0,0
679,419,gnql,0.0,0.0,0.0,0.16350604966484897,0.0,1.0,0.0,0
680,420,gnql,0.0,0.0,0.0,0.04087651241621224,0.0,1.0,0.0,0
681,421,gnql,0.0,0.0,0.0,0.09491232260021532,0.0,1.0,0.0,0
682,422,gnql,0.0,0.0,0.0,0.08175302483242448,0.0,1.0,0.0,0
684,423,gnql,0.0,0.0,0.0,0.17045199109613052,0.0,1.0,0.0,0
685,424,gnql,0.0,0.0,0.0,0.04087651241621224,0.0,1.0,0.0,0
686,425,gnql,0.017094017094017096,0.042735042735042736,0.004273504273504274,0.3021721549167981,1.758780712708196e-05,0.35714285714285715,0.45550301118354736,1
687,426,gnql,0.051282051282051294,0.10256410256410257,0.011396011396011398,0.25220501592855504,5.384022589923048e-06,0.24285714285714285,0.3327205251345414,1
688,427,gnql,0.0,0.0,0.0,0.23632182211248,0.0,1.0,0.0,0
689,428,gnql,0.0,0.0,0.0,0.16708122558117566,0.0,1.0,0.0,0
691,430,gnql,0.017094017094017096,0.05982905982905984,0.004273504273504274,0.10566425175617139,0.0,1.0,0.0,0
692,431,gnql,0.0,0.0,0.0,0.23186896492113482,0.0,1.0,0.0,0
694,432,gnql,0.0,0.0,0.0,0.10566425175617139,0.0,1.0,0.0,0
695,433,gnql,0.0,0.0,0.0,0.23842820108640547,0.0,1.0,0.0,0
697,434,gnql,0.025641025641025644,0.08547008547008547,0.0028490028490028487,0.2538207975980227,1.0768045179846097e-05,0.275,0.41924204093684225,1
698,435,gnql,0.008547008547008548,0.017094017094017096,0.0,0.25220501592855504,1.0768045179846097e-05,0.5,0.5,1
699,436,gnql,0.017094017094017096,0.025641025641025644,0.004273504273504274,0.1147548783282022,5.384022589923049e-07,0.4444444444444444,0.41573970964154905,1
700,437,gnql,0.0,0.0,0.0,0.12262953724863672,0.0,1.0,0.0,0
702,438,gnql,0.017094017094017096,0.07692307692307693,0.0,0.22578394887848208,2.5125438752974226e-06,0.5238095238095238,0.40963453652583937,1
703,439,gnql,0.0,0.0,0.0,0.1766653474326398,0.0,1.0,0.0,0
704,440,gnql,0.0,0.0,0.0,0.08175302483242448,0.0,1.0,0.0,0
705,441,gnql,0.0,0.0,0.0,0.18228601192847693,0.0,1.0,0.0,0
706,442,gnql,0.0,0.0,0.0,0.21132850351234278,0.0,1.0,0.0,0
707,443,gnql,0.0,0.0,0.0,0.04087651241621224,0.0,1.0,0.0,0
708,444,gnql,0.008547008547008548,0.03418803418803419,0.0,0.18490743646226981,3.7688158129461337e-06,0.5,0.5,1
709,445,gnql,0.008547008547008548,0.008547008547008548,0.008547008547008548,0.16708122558117566,1.794674196641016e-07,0.5,0.5,1
710,446,gnql,0.008547008547008548,0.008547008547008548,0.008547008547008548,0.33166148239245447,4.684099653233052e-05,0.5,0.5,1
711,447,gnql,0.0,0.0,0.0,0.06478773933995914,0.0,1.0,0.0,0
712,448,gnql,0.008547008547008548,0.008547008547008548,0.008547008547008548,0.16708122558117566,2.333076455633321e-06,0.5,0.5,1
713,449,gnql,0.0,0.0,0.0,0.15563139074441446,0.0,1.0,0.0,0
715,450,gnql,0.051282051282051294,0.07692307692307693,0.02136752136752137,0.2755676589731114,5.9224248489153535e-06,0.34199134199134196,0.31102623284304864,1
716,451,gnql,0.008547008547008548,0.008547008547008548,0.008547008547008548,0.15563139074441446,1.794674196641016e-06,0.5,0.5,1
717,452,gnql,0.008547008547008548,0.008547008547008548,0.008547008547008548,0.15970006194017447,1.794674196641016e-07,0.5,0.5,1
719,453,gnql,0.0,0.0,0.0,0.06478773933995914,0.0,1.0,0.0,0
720,454,gnql,0.0,0.0,0.0,0.1147548783282022,0.0,1.0,0.0,0
721,455,gnql,0.0,0.0,0.0,0.1766653474326398,0.0,1.0,0.0,0
722,456,gnql,0.0,0.0,0.0,0.1965079031606267,0.0,1.0,0.0,0
723,457,gnql,0.017094017094017096,0.05128205128205129,0.004273504273504274,0.24046193164738397,5.384022589923048e-06,0.45555555555555555,0.4130584510098024,1
724,458,gnql,0.0,0.0,0.0,0.15563139074441446,0.0,1.0,0.0,0
725,459,gnql,0.008547008547008548,0.07692307692307693,0.0,0.14654076417238365,7.178696786564064e-07,0.5,0.5,1
726,460,gnql,0.0,0.0,0.0,0.04087651241621224,0.0,1.0,0.0,0
727,461,gnql,0.0,0.0,0.0,0.1147548783282022,0.0,1.0,0.0,0
728,462,gnql,0.025641025641025644,0.025641025641025644,0.025641025641025644,0.19436321801987744,1.974141616305118e-06,0.34090909090909094,0.3929912833134223,1
729,463,gnql,0.0,0.0,0.0,0.09491232260021532,0.0,1.0,0.0,0
731,464,gnql,0.03418803418803419,0.05128205128205129,0.005698005698005699,0.25841837226506426,6.460827107907658e-06,0.3888888888888889,0.4086261232985176,1
732,465,gnql,0.0,0.0,0.0,0.04087651241621224,0.0,1.0,0.0,0
733,466,gnql,0.0,0.0,0.0,0.08175302483242448,0.0,1.0,0.0,0
735,467,gnql,0.025641025641025644,0.05128205128205129,0.0,0.23070115761664284,6.101892268579455e-06,0.3088235294117647,0.40407740188335545,1
736,468,gnql,0.0,0.0,0.0,0.12262953724863672,0.0,1.0,0.0,0
738,469,gnql,0.042735042735042736,0.06837606837606838,0.008547008547008548,0.26403903676090146,4.666152911266642e-06,0.4871794871794872,0.36734740466395904,1
739,470,gnql,0.0,0.0,0.0,0.16708122558117566,0.0,1.0,0.0,0
740,471,gnql,0.0,0.0,0.0,0.08175302483242448,0.0,1.0,0.0,0
741,472,gnql,0.0,0.0,0.0,0.2096672009284175,0.0,1.0,0.0,0
742,473,gnql,0.0,0.0,0.0,0.04087651241621224,0.0,1.0,0.0,0
743,474,gnql,0.0,0.0,0.0,0.10566425175617139,0.0,1.0,0.0,0
744,475,gnql,0.0,0.0,0.0,0.08175302483242448,0.0,1.0,0.0,0
745,476,gnql,0.0,0.0,0.0,0.15563139074441446,0.0,1.0,0.0,0
746,477,gnql,0.0,0.0,0.0,0.12957547867991828,0.0,1.0,0.0,0
747,478,gnql,0.008547008547008548,0.008547008547008548,0.008547008547008548,0.18228601192847693,2.8714787146256258e-06,0.5,0.5,1
748,479,gnql,0.0,0.0,0.0,0.04087651241621224,0.0,1.0,0.0,0
749,480,gnql,0.0,0.0,0.0,0.10566425175617139,0.0,1.0,0.0,0
750,481,gnql,0.0,0.0,0.0,0.08175302483242448,0.0,1.0,0.0,0
751,482,gnql,0.008547008547008548,0.008547008547008548,0.008547008547008548,0.17045199109613052,1.0768045179846097e-06,0.5,0.5,1
752,483,gnql,0.0,0.0,0.0,0.18490743646226981,0.0,1.0,0.0,0
753,484,gnql,0.0,0.0,0.0,0.16350604966484897,0.0,1.0,0.0,0
756,486,gnql,0.0,0.0,0.0,0.2218067786192352,0.0,1.0,0.0,0
757,487,gnql,0.008547008547008548,0.042735042735042736,0.0,0.2341374115800287,3.0509461342897273e-06,0.5,0.5,1
758,488,gnql,0.008547008547008548,0.008547008547008548,0.008547008547008548,0.31834229566521494,2.422810165465372e-05,0.5,0.5,1
759,489,gnql,0.0,0.0,0.0,0.10566425175617139,0.0,1.0,0.0,0
760,490,gnql,0.0,0.0,0.0,0.09491232260021532,0.0,1.0,0.0,0
761,491,gnql,0.0,0.0,0.0,0.10566425175617139,0.0,1.0,0.0,0
762,492,gnql,0.0,0.0,0.0,0.04087651241621224,0.0,1.0,0.0,0
764,493,gnql,0.0,0.0,0.0,0.04087651241621224,0.0,1.0,0.0,0
767,495,gnql,0.008547008547008548,0.042735042735042736,0.0,0.19436321801987744,1.2562719376487113e-06,0.5,0.5,1
768,496,gnql,0.0,0.0,0.0,0.25301844043523447,0.0,1.0,0.0,0
769,497,gnql,0.008547008547008548,0.05982905982905984,0.0,0.14140949951226467,5.384022589923049e-07,0.5,0.5,1
770,498,gnql,0.0,0.0,0.0,0.14654076417238365,0.0,1.0,0.0,0
771,499,gnql,0.0,0.0,0.0,0.14140949951226467,0.0,1.0,0.0,0
772,500,gnql,0.0,0.0,0.0,0.1965079031606267,0.0,1.0,0.0,0
774,501,gnql,0.008547008547008548,0.05982905982905984,0.0,0.10566425175617139,3.589348393282032e-07,0.5,0.5,1
777,503,gnql,0.008547008547008548,0.008547008547008548,0.008547008547008548,0.12262953724863672,7.178696786564064e-07,0.5,0.5,1
778,504,gnql,0.0,0.0,0.0,0.13578883501642755,0.0,1.0,0.0,0
779,505,gnql,0.0,0.0,0.0,0.06478773933995914,0.0,1.0,0.0,0
780,506,gnql,0.0,0.0,0.0,0.08175302483242448,0.0,1.0,0.0,0
782,507,gnql,0.025641025641025644,0.05128205128205129,0.0028490028490028487,0.28750180265081837,7.358164206228166e-06,0.5548780487804879,0.3834682361836616,1
784,508,gnql,0.0,0.0,0.0,0.22578394887848208,0.0,1.0,0.0,0
785,509,gnql,0.0,0.0,0.0,0.12262953724863672,0.0,1.0,0.0,0
786,510,gnql,0.0,0.0,0.0,0.08175302483242448,0.0,1.0,0.0,0
787,511,gnql,0.008547008547008548,0.03418803418803419,0.0,0.2244878012801336,4.127750652274337e-06,0.5,0.5,1
789,513,gnql,0.03418803418803419,0.05128205128205129,0.005698005698005699,0.21754185984885205,3.7688158129461337e-06,0.2857142857142857,0.3845072235845019,1
791,514,gnql,0.008547008547008548,0.008547008547008548,0.008547008547008548,0.12262953724863672,0.0,1.0,0.0,0
793,515,gnql,0.025641025641025644,0.05128205128205129,0.008547008547008548,0.37411348499325614,4.576419201434591e-05,0.46372549019607845,0.3707010410322259,1
794,516,gnql,0.0,0.0,0.0,0.04087651241621224,0.0,1.0,0.0,0
795,517,gnql,0.008547008547008548,0.017094017094017096,0.0,0.17045199109613052,2.5125438752974226e-06,0.5,0.5,1
796,518,gnql,0.0,0.0,0.0,0.18741727658859586,0.0,1.0,0.0,0
799,521,gnql,0.0,0.0,0.0,0.2341374115800287,0.0,1.0,0.0,0
800,522,gnql,0.0,0.0,0.0,0.26978141923958077,0.0,1.0,0.0,0
802,523,gnql,0.0,0.0,0.0,0.21132850351234278,0.0,1.0,0.0,0
804,524,gnql,0.0,0.0,0.0,0.06478773933995914,0.0,1.0,0.0,0
805,525,gnql,0.0,0.0,0.0,0.10566425175617139,0.0,1.0,0.0,0
806,526,gnql,0.008547008547008548,0.025641025641025644,0.0,0.19436321801987744,3.4098809736179305e-06,0.5,0.5,1
808,527,gnql,0.017094017094017096,0.042735042735042736,0.004273504273504274,0.24525907449727344,5.9224248489153535e-06,0.5252525252525252,0.40980732878991505,1
809,528,gnql,0.0,0.0,0.0,0.04087651241621224,0.0,1.0,0.0,0
810,529,gnql,0.008547008547008548,0.03418803418803419,0.0,0.1147548783282022,5.384022589923049e-07,0.5,0.5,1
811,530,gnql,0.017094017094017096,0.03418803418803419,0.004273504273504274,0.15126107008403927,1.2562719376487113e-06,0.3333333333333333,0.4714045207910317,1
813,531,gnql,0.0,0.0,0.0,0.06478773933995914,0.0,1.0,0.0,0
814,532,gnql,0.0,0.0,0.0,0.10566425175617139,0.0,1.0,0.0,0
816,533,gnql,0.008547008547008548,0.008547008547008548,0.008547008547008548,0.18490743646226981,3.0509461342897273e-06,0.5,0.5,1
817,534,gnql,0.008547008547008548,0.025641025641025644,0.0,0.20795773799738793,2.1536090359692194e-06,0.5,0.5,1
818,535,gnql,0.0,0.0,0.0,0.08175302483242448,0.0,1.0,0.0,0
819,536,gnql,0.0,0.0,0.0,0.10566425175617139,0.0,1.0,0.0,0
822,538,gnql,0.0,0.0,0.0,0.08175302483242448,0.0,1.0,0.0,0
823,539,gnql,0.0,0.0,0.0,0.08175302483242448,0.0,1.0,0.0,0
825,540,gnql,0.017094017094017096,0.025641025641025644,0.004273504273504274,0.1766653474326398,2.1536090359692194e-06,0.3888888888888889,0.4374448818895451,1
826,541,gnql,0.008547008547008548,0.017094017094017096,0.0,0.18490743646226981,3.4098809736179305e-06,0.5,0.5,1
827,542,gnql,0.0,0.0,0.0,0.19213758250025154,0.0,1.0,0.0,0
829,543,gnql,0.0,0.0,0.0,0.16708122558117566,0.0,1.0,0.0,0
830,544,gnql,0.0,0.0,0.0,0.17954261766816138,0.0,1.0,0.0,0
831,545,gnql,0.0,0.0,0.0,0.2218067786192352,0.0,1.0,0.0,0
832,546,gnql,0.0,0.0,0.0,0.04087651241621224,0.0,1.0,0.0,0
833,547,gnql,0.0,0.0,0.0,0.16708122558117566,0.0,1.0,0.0,0
834,548,gnql,0.0,0.0,0.0,0.10566425175617139,0.0,1.0,0.0,0
835,549,gnql,0.0,0.0,0.0,0.18741727658859586,0.0,1.0,0.0,0
836,550,gnql,0.017094017094017096,0.017094017094017096,0.017094017094017096,0.28750180265081837,1.7408339707417856e-05,0.3986254295532646,0.43268958126258017,1
837,551,gnql,0.0,0.0,0.0,0.14140949951226467,0.0,1.0,0.0,0
838,552,gnql,0.0,0.0,0.0,0.10566425175617139,0.0,1.0,0.0,0
839,553,gnql,0.0,0.0,0.0,0.19213758250025154,0.0,1.0,0.0,0
842,555,gnql,0.0,0.0,0.0,0.21604880942399843,0.0,1.0,0.0,0
844,556,gnql,0.008547008547008548,0.008547008547008548,0.008547008547008548,0.15563139074441446,3.589348393282032e-07,0.5,0.5,1
845,557,gnql,0.0,0.0,0.0,0.04087651241621224,0.0,1.0,0.0,0
846,558,gnql,0.0,0.0,0.0,0.09491232260021532,0.0,1.0,0.0,0
847,559,gnql,0.0,0.0,0.0,0.20438256208106123,0.0,1.0,0.0,0
848,560,gnql,0.0,0.0,0.0,0.17045199109613052,0.0,1.0,0.0,0
849,561,gnql,0.0,0.0,0.0,0.10566425175617139,0.0,1.0,0.0,0
852,563,gnql,0.0,0.0,0.0,0.08175302483242448,0.0,1.0,0.0,0
853,564,gnql,0.0,0.0,0.0,0.12957547867991828,0.0,1.0,0.0,0
855,566,gnql,0.0,0.0,0.0,0.04087651241621224,0.0,1.0,0.0,0
856,567,gnql,0.0,0.0,0.0,0.04087651241621224,0.0,1.0,0.0,0
857,568,gnql,0.0,0.0,0.0,0.04087651241621224,0.0,1.0,0.0,0
860,570,gnql,0.0,0.0,0.0,0.13578883501642755,0.0,1.0,0.0,0
861,571,gnql,0.0,0.0,0.0,0.06478773933995914,0.0,1.0,0.0,0
862,572,gnql,0.0,0.0,0.0,0.04087651241621224,0.0,1.0,0.0,0
863,573,gnql,0.008547008547008548,0.008547008547008548,0.008547008547008548,0.2808365487639576,1.6152067769769145e-06,0.5,0.5,1
864,574,gnql,0.0,0.0,0.0,0.04087651241621224,0.0,1.0,0.0,0
865,575,gnql,0.0,0.0,0.0,0.12262953724863672,0.0,1.0,0.0,0
869,577,gnql,0.008547008547008548,0.008547008547008548,0.008547008547008548,0.14140949951226467,1.794674196641016e-07,0.5,0.5,1
870,578,gnql,0.0,0.0,0.0,0.1766653474326398,0.0,1.0,0.0,0
871,579,gnql,0.0,0.0,0.0,0.27878513003795397,0.0,1.0,0.0,0
873,580,gnql,0.0,0.0,0.0,0.09491232260021532,0.0,1.0,0.0,0
874,581,gnql,0.0,0.0,0.0,0.06478773933995914,0.0,1.0,0.0,0
876,582,gnql,0.0,0.0,0.0,0.04087651241621224,0.0,1.0,0.0,0
877,583,gnql,0.008547008547008548,0.008547008547008548,0.008547008547008548,0.20057657435638668,3.948283232610236e-06,0.5,0.5,1
878,584,gnql,0.0,0.0,0.0,0.08175302483242448,0.0,1.0,0.0,0
879,585,gnql,0.0,0.0,0.0,0.08175302483242448,0.0,1.0,0.0,0
881,586,gnql,0.0,0.0,0.0,0.04087651241621224,0.0,1.0,0.0,0
882,587,gnql,0.0,0.0,0.0,0.12262953724863672,0.0,1.0,0.0,0
884,588,gnql,0.008547008547008548,0.008547008547008548,0.008547008547008548,0.2823295991888112,1.1844849697830707e-05,0.5,0.5,1
885,589,gnql,0.0,0.0,0.0,0.17954261766816138,0.0,1.0,0.0,0
886,590,gnql,0.0,0.0,0.0,0.04087651241621224,0.0,1.0,0.0,0
887,591,gnql,0.0,0.0,0.0,0.04087651241621224,0.0,1.0,0.0,0
889,592,gnql,0.0,0.0,0.0,0.04087651241621224,0.0,1.0,0.0,0
896,596,gnql,0.0,0.0,0.0,0.12262953724863672,0.0,1.0,0.0,0
897,597,gnql,0.0,0.0,0.0,0.13578883501642755,0.0,1.0,0.0,0
898,598,gnql,0.0,0.0,0.0,0.04087651241621224,0.0,1.0,0.0,0
899,599,gnql,0.0,0.0,0.0,0.12262953724863672,0.0,1.0,0.0,0
900,600,gnql,0.0,0.0,0.0,0.06478773933995914,0.0,1.0,0.0,0
902,602,gnql,0.0,0.0,0.0,0.15563139074441446,0.0,1.0,0.0,0
903,603,gnql,0.0,0.0,0.0,0.15126107008403927,0.0,1.0,0.0,0
904,604,gnql,0.0,0.0,0.0,0.08175302483242448,0.0,1.0,0.0,0
905,605,gnql,0.0,0.0,0.0,0.12262953724863672,0.0,1.0,0.0,0
906,606,gnql,0.0,0.0,0.0,0.13578883501642755,0.0,1.0,0.0,0
907,607,gnql,0.0,0.0,0.0,0.1147548783282022,0.0,1.0,0.0,0
908,608,gnql,0.0,0.0,0.0,0.04087651241621224,0.0,1.0,0.0,0
909,609,gnql,0.0,0.0,0.0,0.1766653474326398,0.0,1.0,0.0,0
2,1,riot,0.0,0.0,0.0,0.0,0.0,1.0,0.0,0
5,2,riot,0.008547008547008548,0.05982905982905984,0.0,0.13578883501642755,1.0768045179846097e-06,0.5,0.5,-1
7,3,riot,0.0,0.0,0.0,0.04087651241621224,0.0,1.0,0.0,0
12,5,riot,0.008547008547008548,0.025641025641025644,0.0,0.04087651241621224,0.0,1.0,0.0,0
16,6,riot,0.017094017094017096,0.17948717948717952,0.0,0.09491232260021532,1.794674196641016e-07,0.6666666666666666,0.4714045207910317,-1
18,7,riot,0.017094017094017096,0.20512820512820515,0.0,0.12957547867991828,1.0768045179846097e-06,0.3333333333333333,0.4714045207910317,-1
20,8,riot,0.017094017094017096,0.07692307692307693,0.004273504273504274,0.06478773933995914,0.0,1.0,0.0,0
23,9,riot,0.025641025641025644,0.47008547008547014,0.0,0.08175302483242448,0.0,1.0,0.0,-1
25,10,riot,0.13675213675213677,0.3247863247863248,0.007597340930674264,0.21899804103727388,1.6152067769769145e-06,0.15686274509803924,0.2471590902116214,-1
27,11,riot,0.0,0.0,0.0,0.0,0.0,1.0,0.0,0
30,13,riot,0.03418803418803419,0.20512820512820515,0.0,0.12262953724863672,3.589348393282032e-07,0.3,0.39999999999999997,-1
34,14,riot,0.07692307692307693,0.15384615384615385,0.005698005698005699,0.5519537519930406,0.0008971576309008439,0.2320264052810562,0.35836661830614347,-1
36,15,riot,0.09401709401709403,0.33333333333333337,0.006105006105006104,0.2341374115800287,2.1536090359692194e-06,0.28472222222222227,0.31265428290251196,-1
38,16,riot,0.051282051282051294,0.27350427350427353,0.0014245014245014252,0.13578883501642755,1.794674196641016e-07,0.42857142857142855,0.49487165930539345,-1
41,17,riot,0.0,0.0,0.0,0.0,0.0,1.0,0.0,0
43,18,riot,0.05982905982905984,0.05982905982905984,0.05982905982905984,0.6774825681886885,0.0054220696828918375,0.3017013107374553,0.3300154714396557,-1
45,19,riot,0.042735042735042736,0.07692307692307693,0.017094017094017096,0.32221495647980847,1.2742186796151214e-05,0.3708920187793427,0.33838661224962235,-1
47,20,riot,0.0,0.0,0.0,0.04087651241621224,0.0,1.0,0.0,0
51,21,riot,0.03418803418803419,0.1452991452991453,0.0,0.7074307300757611,0.015755624239731144,0.3690378284790013,0.4509174837507246,-1
53,22,riot,0.008547008547008548,0.05128205128205129,0.0,0.12957547867991828,8.97337098320508e-07,0.5,0.5,-1
55,23,riot,0.017094017094017096,0.23076923076923078,0.004273504273504274,0.13578883501642755,1.794674196641016e-07,0.3333333333333333,0.4714045207910317,-1
59,24,riot,0.017094017094017096,0.03418803418803419,0.004273504273504274,0.1965079031606267,3.589348393282032e-06,0.4166666666666667,0.42491829279939874,-1
62,25,riot,0.017094017094017096,0.1623931623931624,0.0,0.08175302483242448,1.794674196641016e-07,0.3333333333333333,0.4714045207910317,-1
64,26,riot,0.0,0.0,0.0,0.0,0.0,1.0,0.0,0
66,27,riot,0.07692307692307693,0.3162393162393163,0.003663003663003664,0.20619723885222385,1.2562719376487113e-06,0.32857142857142857,0.31975756122284843,-1
68,28,riot,0.11965811965811968,0.3247863247863248,0.004273504273504274,0.19436321801987744,5.384022589923049e-07,0.26666666666666666,0.3030707043774635,-1
70,29,riot,0.1452991452991453,0.3162393162393163,0.008547008547008548,0.25767657202194105,1.6152067769769145e-06,0.3765432098765432,0.29429623311259795,-1
72,30,riot,0.017094017094017096,0.07692307692307693,0.0,0.13578883501642755,1.2562719376487113e-06,0.3333333333333333,0.4714045207910317,-1
74,31,riot,0.1623931623931624,0.3162393162393163,0.015873015873015876,0.2204191300843736,5.384022589923049e-07,0.3666666666666667,0.31446603773522014,-1
79,34,riot,0.0,0.0,0.0,0.04087651241621224,0.0,1.0,0.0,0
81,35,riot,0.0,0.0,0.0,0.08175302483242448,0.0,1.0,0.0,0
83,36,riot,0.0,0.0,0.0,0.09491232260021532,0.0,1.0,0.0,0
85,37,riot,0.008547008547008548,0.18803418803418806,0.0,0.04087651241621224,0.0,1.0,0.0,0
88,38,riot,0.017094017094017096,0.27350427350427353,0.0,0.06478773933995914,0.0,1.0,0.0,0
90,39,riot,0.017094017094017096,0.06837606837606838,0.0,0.06478773933995914,0.0,1.0,0.0,0
92,40,riot,0.008547008547008548,0.017094017094017096,0.0,0.08175302483242448,0.0,1.0,0.0,0
94,41,riot,0.0,0.0,0.0,0.04087651241621224,0.0,1.0,0.0,0
97,43,riot,0.13675213675213677,0.9743589743589745,0.0011396011396011402,0.19436321801987744,7.178696786564064e-07,0.14705882352941177,0.2719594413074548,-1
100,44,riot,0.025641025641025644,0.23931623931623935,0.008547008547008548,0.17045199109613052,2.1536090359692194e-06,0.29166666666666663,0.4103690750748377,-1
102,45,riot,0.042735042735042736,0.18803418803418806,0.004273504273504274,0.13578883501642755,7.178696786564064e-07,0.16666666666666666,0.372677996249965,-1
105,46,riot,0.017094017094017096,0.26495726495726496,0.0,0.08175302483242448,1.794674196641016e-07,0.3333333333333333,0.4714045207910317,-1
107,47,riot,0.11111111111111113,0.2991452991452992,0.008547008547008548,0.1985773204650553,1.0768045179846097e-06,0.1785714285714286,0.2849692667520434,-1
109,48,riot,0.008547008547008548,0.017094017094017096,0.0,0.04087651241621224,0.0,1.0,0.0,0
111,49,riot,0.06837606837606838,0.22222222222222224,0.006837606837606839,0.18982464520043063,1.0768045179846097e-06,0.2962962962962963,0.37497142095030717,-1
116,50,riot,0.358974358974359,0.5641025641025642,0.024864024864024867,0.3784097290935185,2.584330843163063e-05,0.09189276485788113,0.1687985237794169,-1
119,51,riot,0.008547008547008548,0.042735042735042736,0.0,0.06478773933995914,1.794674196641016e-07,0.5,0.5,-1
121,52,riot,0.13675213675213677,0.2905982905982906,0.012210012210012208,0.22829378900480812,8.97337098320508e-07,0.3647058823529412,0.33066986641306345,-1
127,56,riot,0.008547008547008548,0.18803418803418806,0.0,0.06478773933995914,1.794674196641016e-07,0.5,0.5,-1
132,60,riot,0.008547008547008548,0.042735042735042736,0.0,0.04087651241621224,0.0,1.0,0.0,0
138,63,riot,0.008547008547008548,0.07692307692307693,0.0,0.04087651241621224,0.0,1.0,0.0,0
140,64,riot,0.1452991452991453,0.23076923076923078,0.022222222222222227,0.20251026699388197,8.97337098320508e-07,0.14444444444444446,0.2813108644704925,-1
142,65,riot,0.017094017094017096,0.13675213675213677,0.0,0.06478773933995914,0.0,1.0,0.0,0
144,66,riot,0.07692307692307693,0.2136752136752137,0.002136752136752136,0.247960570111598,2.692011294961524e-06,0.31333333333333335,0.33605555096342826,-1
147,67,riot,0.07692307692307693,0.23076923076923078,0.005698005698005699,0.23738441557683895,2.333076455633321e-06,0.3538461538461538,0.36276388069389526,-1
150,68,riot,0.051282051282051294,0.20512820512820515,0.006410256410256412,0.12262953724863672,1.794674196641016e-07,0.14285714285714285,0.3499271061118826,-1
152,69,riot,0.0,0.0,0.0,0.04087651241621224,0.0,1.0,0.0,0
155,70,riot,0.0,0.0,0.0,0.04087651241621224,0.0,1.0,0.0,0
159,71,riot,0.008547008547008548,0.05128205128205129,0.0,0.12262953724863672,1.0768045179846097e-06,0.5,0.5,-1
161,72,riot,0.05982905982905984,0.23931623931623935,0.0028490028490028487,0.13578883501642755,1.794674196641016e-07,0.25,0.4330127018922193,-1
163,73,riot,0.0,0.0,0.0,0.0,0.0,1.0,0.0,0
166,74,riot,0.0,0.0,0.0,0.24707375126843611,0.0,1.0,0.0,0
168,75,riot,0.017094017094017096,0.18803418803418806,0.0,0.09491232260021532,3.589348393282032e-07,0.3333333333333333,0.4714045207910317,-1
172,77,riot,0.051282051282051294,0.20512820512820515,0.006410256410256412,0.13578883501642755,3.589348393282032e-07,0.21428571428571427,0.36421567954234174,-1
175,78,riot,0.0,0.0,0.0,0.0,0.0,1.0,0.0,0
179,79,riot,0.06837606837606838,0.6837606837606838,0.004273504273504274,0.4262749940802802,0.00024335782106452177,0.11217633562766308,0.31389690495979017,-1
181,80,riot,0.06837606837606838,0.18803418803418806,0.006837606837606839,0.16350604966484897,5.384022589923049e-07,0.25925925925925924,0.3054152315272341,-1
183,81,riot,0.11111111111111113,0.6324786324786326,0.0014245014245014252,0.19213758250025154,1.0768045179846097e-06,0.14285714285714285,0.27355060221609667,-1
188,84,riot,0.008547008547008548,0.1623931623931624,0.0,0.04087651241621224,0.0,1.0,0.0,0
195,88,riot,0.008547008547008548,0.11965811965811968,0.0,0.04087651241621224,0.0,1.0,0.0,0
197,89,riot,0.0,0.0,0.0,0.04087651241621224,0.0,1.0,0.0,0
201,91,riot,0.008547008547008548,0.11965811965811968,0.0,0.1147548783282022,8.97337098320508e-07,0.5,0.5,-1
203,92,riot,0.0,0.0,0.0,0.04087651241621224,0.0,1.0,0.0,0
205,93,riot,0.0,0.0,0.0,0.0,0.0,1.0,0.0,0
207,94,riot,0.042735042735042736,0.11965811965811968,0.0017094017094017085,0.10566425175617139,0.0,1.0,0.0,0
209,95,riot,0.0,0.0,0.0,0.15126107008403927,0.0,1.0,0.0,0
213,97,riot,0.0,0.0,0.0,0.08175302483242448,0.0,1.0,0.0,0
216,99,riot,0.0,0.0,0.0,0.12262953724863672,0.0,1.0,0.0,0
218,100,riot,0.0,0.0,0.0,0.04087651241621224,0.0,1.0,0.0,0
220,101,riot,0.008547008547008548,0.008547008547008548,0.008547008547008548,0.04087651241621224,0.0,1.0,0.0,0
222,102,riot,0.017094017094017096,0.09401709401709403,0.0,0.09491232260021532,1.794674196641016e-07,0.6666666666666666,0.4714045207910317,-1
226,104,riot,0.0,0.0,0.0,0.13578883501642755,0.0,1.0,0.0,0
228,105,riot,0.0,0.0,0.0,0.0,0.0,1.0,0.0,0
233,108,riot,0.008547008547008548,0.07692307692307693,0.0,0.12957547867991828,1.794674196641016e-07,0.5,0.5,-1
235,109,riot,0.008547008547008548,0.10256410256410257,0.0,0.08175302483242448,3.589348393282032e-07,0.5,0.5,-1
238,110,riot,0.11111111111111113,0.7179487179487181,0.0014245014245014252,0.18982464520043063,8.97337098320508e-07,0.15714285714285717,0.2638026473231341,-1
240,111,riot,0.017094017094017096,0.025641025641025644,0.004273504273504274,0.06478773933995914,0.0,1.0,0.0,0
243,112,riot,0.017094017094017096,0.27350427350427353,0.0,0.16350604966484897,1.794674196641016e-06,0.43333333333333335,0.41899350299921784,-1
245,113,riot,0.008547008547008548,0.10256410256410257,0.0,0.04087651241621224,0.0,1.0,0.0,0
247,114,riot,0.0,0.0,0.0,0.0,0.0,1.0,0.0,0
251,116,riot,0.0,0.0,0.0,0.08175302483242448,0.0,1.0,0.0,0
253,117,riot,0.03418803418803419,0.06837606837606838,0.01282051282051282,0.14654076417238365,1.0768045179846097e-06,0.23333333333333334,0.38873012632302,-1
255,118,riot,0.017094017094017096,0.03418803418803419,0.004273504273504274,0.06478773933995914,0.0,1.0,0.0,0
257,119,riot,0.0,0.0,0.0,0.0,0.0,1.0,0.0,0
259,120,riot,0.0,0.0,0.0,0.0,0.0,1.0,0.0,0
261,121,riot,0.025641025641025644,0.05128205128205129,0.0028490028490028487,0.13578883501642755,7.178696786564064e-07,0.375,0.414578098794425,-1
263,122,riot,0.008547008547008548,0.017094017094017096,0.0,0.08175302483242448,3.589348393282032e-07,0.5,0.5,-1
265,123,riot,0.025641025641025644,0.05982905982905984,0.0028490028490028487,0.12262953724863672,7.178696786564064e-07,0.25,0.4330127018922193,-1
267,124,riot,0.0,0.0,0.0,0.09491232260021532,0.0,1.0,0.0,0
269,125,riot,0.008547008547008548,0.042735042735042736,0.0,0.10566425175617139,3.589348393282032e-07,0.5,0.5,-1
271,126,riot,0.0,0.0,0.0,0.0,0.0,1.0,0.0,0
274,128,riot,0.0,0.0,0.0,0.0,0.0,1.0,0.0,0
276,129,riot,0.008547008547008548,0.5897435897435898,0.0,0.08175302483242448,3.589348393282032e-07,0.5,0.5,-1
278,130,riot,0.0,0.0,0.0,0.0,0.0,1.0,0.0,0
282,132,riot,0.017094017094017096,0.017094017094017096,0.017094017094017096,0.12957547867991828,8.97337098320508e-07,0.39999999999999997,0.43204937989385733,-1
284,133,riot,0.025641025641025644,0.025641025641025644,0.025641025641025644,0.1766653474326398,8.97337098320508e-07,0.6,0.37416573867739417,-1
287,134,riot,0.0,0.0,0.0,0.04087651241621224,0.0,1.0,0.0,0
290,135,riot,0.017094017094017096,0.03418803418803419,0.004273504273504274,0.13578883501642755,8.97337098320508e-07,0.4666666666666666,0.4109609335312651,-1
292,136,riot,0.0,0.0,0.0,0.06478773933995914,0.0,1.0,0.0,0
294,137,riot,0.0,0.0,0.0,0.0,0.0,1.0,0.0,0
300,139,riot,0.0,0.0,0.0,0.0,0.0,1.0,0.0,0
318,150,riot,0.008547008547008548,0.008547008547008548,0.008547008547008548,0.1147548783282022,5.384022589923049e-07,0.5,0.5,-1
321,152,riot,0.025641025641025644,0.13675213675213677,0.0,0.1147548783282022,3.589348393282032e-07,0.375,0.414578098794425,-1
340,167,riot,0.008547008547008548,0.41880341880341887,0.0,0.04087651241621224,0.0,1.0,0.0,-1
351,172,riot,0.008547008547008548,0.22222222222222224,0.0,0.08175302483242448,3.589348393282032e-07,0.5,0.5,-1
359,176,riot,0.0,0.0,0.0,0.14140949951226467,0.0,1.0,0.0,0
370,182,riot,0.28205128205128205,0.35897435897435903,0.08831908831908834,0.704515284868197,0.0008978755005795004,0.9051980576360066,0.19409017647948082,-1
386,193,riot,0.0,0.0,0.0,0.06478773933995914,0.0,1.0,0.0,0
391,197,riot,0.06837606837606838,0.35042735042735046,0.006837606837606839,0.2561643778404669,5.7429574292512515e-06,0.2048611111111111,0.2965041950029054,-1
400,202,riot,0.09401709401709403,0.09401709401709403,0.09401709401709403,0.6570650994389015,0.0031198616234407424,0.3284821291609143,0.3738921532115016,-1
405,204,riot,0.008547008547008548,0.008547008547008548,0.008547008547008548,0.3780230238275076,2.2253960038348598e-05,0.5,0.5,-1
410,208,riot,0.0,0.0,0.0,0.0,0.0,1.0,0.0,0
416,210,riot,0.008547008547008548,0.017094017094017096,0.0,0.20438256208106123,7.178696786564064e-07,0.5,0.5,-1
435,223,riot,0.0,0.0,0.0,0.0,0.0,1.0,0.0,0
478,259,riot,0.0,0.0,0.0,0.04087651241621224,0.0,1.0,0.0,0
484,264,riot,0.008547008547008548,0.12820512820512822,0.0,0.20057657435638668,5.025087750594845e-06,0.5,0.5,-1
512,285,riot,0.008547008547008548,0.017094017094017096,0.0,0.08175302483242448,0.0,1.0,0.0,0
518,288,riot,0.0,0.0,0.0,0.10566425175617139,0.0,1.0,0.0,0
584,342,riot,0.0,0.0,0.0,0.0,0.0,1.0,0.0,0
671,413,riot,0.0,0.0,0.0,0.0,0.0,1.0,0.0,0
755,485,riot,0.0,0.0,0.0,0.0,0.0,1.0,0.0,0
776,502,riot,0.0,0.0,0.0,0.0,0.0,1.0,0.0,0
792,514,riot,0.0,0.0,0.0,0.0,0.0,1.0,0.0,0
803,523,riot,0.0,0.0,0.0,0.0,0.0,1.0,0.0,0
821,537,riot,0.0,0.0,0.0,0.06478773933995914,0.0,1.0,0.0,0
851,562,riot,0.008547008547008548,0.008547008547008548,0.008547008547008548,0.12262953724863672,0.0,1.0,0.0,0
859,569,riot,0.008547008547008548,0.017094017094017096,0.0,0.04087651241621224,0.0,1.0,0.0,0
867,576,riot,0.0,0.0,0.0,0.04087651241621224,0.0,1.0,0.0,0
891,593,riot,0.0,0.0,0.0,0.0,0.0,1.0,0.0,0
893,594,riot,0.0,0.0,0.0,0.0,0.0,1.0,0.0,0
895,595,riot,0.0,0.0,0.0,0.04087651241621224,0.0,1.0,0.0,0
911,610,riot,0.0,0.0,0.0,0.0,0.0,1.0,0.0,0
3,2,analysis,0.0,0.0,0.0,0.0,0.0,1.0,0.0,0
9,5,analysis,0.0,0.0,0.0,0.14654076417238365,0.0,1.0,0.0,0
13,6,analysis,0.0,0.0,0.0,0.10566425175617139,0.0,1.0,0.0,0
60,25,analysis,0.11965811965811968,0.9743589743589745,0.002136752136752136,0.6321171295866277,0.004883667423899533,0.10713655740114654,0.26441755518708254,-1
112,50,analysis,0.08547008547008549,0.5470085470085471,0.007122507122507123,0.3625895735963821,2.5125438752974227e-05,0.2896103896103896,0.2812205645097593,-1
117,51,analysis,0.05982905982905984,0.5470085470085471,0.0012210012210012201,0.5192912721542738,0.0004646411495103591,0.31402085747392816,0.3444812502152252,-1
125,56,analysis,0.0,0.0,0.0,0.04087651241621224,0.0,1.0,0.0,0
134,62,analysis,0.0,0.0,0.0,0.14654076417238365,0.0,1.0,0.0,0
136,63,analysis,0.1452991452991453,0.8547008547008548,0.0032873109796186725,0.3059122885399875,3.230413553953829e-06,0.44135802469135804,0.33203049002149954,-1
145,67,analysis,0.008547008547008548,0.2905982905982906,0.0,0.08175302483242448,0.0,1.0,0.0,-1
148,68,analysis,0.017094017094017096,0.11965811965811968,0.004273504273504274,0.16708122558117566,1.2562719376487113e-06,0.5238095238095238,0.40963453652583937,-1
153,70,analysis,0.0,0.0,0.0,0.16708122558117566,0.0,1.0,0.0,0
156,71,analysis,0.12820512820512822,0.6153846153846154,0.010989010989010988,0.5611929591852879,0.0009021827186514388,0.1684155559976129,0.31780341397876055,-1
164,74,analysis,0.042735042735042736,0.7692307692307693,0.0,0.36157278389490966,2.979159166424087e-05,0.4136546184738956,0.41460879539452183,-1
169,76,analysis,0.025641025641025644,0.36752136752136755,0.0,0.18982464520043063,1.2562719376487113e-06,0.3214285714285714,0.40876868365212843,-1
173,78,analysis,0.017094017094017096,0.2820512820512821,0.0,0.23186896492113482,1.2562719376487113e-06,0.5714285714285715,0.42056004125370694,-1
189,85,analysis,0.008547008547008548,0.1452991452991453,0.0,0.06478773933995914,1.794674196641016e-07,0.5,0.5,-1
192,87,analysis,0.008547008547008548,0.47008547008547014,0.0,0.40859210005242297,0.00018072369160175033,0.5,0.5,-1
199,91,analysis,0.05982905982905984,0.2991452991452992,0.0028490028490028487,0.4952340247261493,0.00030706875504527784,0.3229836353009935,0.3530268614149994,-1
211,97,analysis,0.0,0.0,0.0,0.25987455345348615,0.0,1.0,0.0,0
224,104,analysis,0.017094017094017096,0.4102564102564103,0.0,0.37200333709610117,7.950406691119702e-05,0.36568848758465017,0.4502730631530871,-1
229,106,analysis,0.025641025641025644,0.5982905982905984,0.0028490028490028487,0.4049591364374479,0.00017085298352022474,0.25,0.4330127018922193,-1
285,134,analysis,0.008547008547008548,0.11965811965811968,0.0,0.24145308677259894,8.255501304548674e-06,0.5,0.5,-1
288,135,analysis,0.017094017094017096,0.23076923076923078,0.0,0.3785060104891939,6.406986882008428e-05,0.5667600373482726,0.41902323544184533,-1
295,138,analysis,0.0,0.0,0.0,0.04087651241621224,0.0,1.0,0.0,0
308,146,analysis,0.0,0.0,0.0,0.04087651241621224,0.0,1.0,0.0,0
310,147,analysis,0.0,0.0,0.0,0.04087651241621224,0.0,1.0,0.0,0
312,149,analysis,0.042735042735042736,0.5897435897435898,0.0017094017094017085,0.4758864705761552,0.00027171367337144983,0.35050638485248786,0.39048194641814465,-1
314,150,analysis,0.03418803418803419,0.1452991452991453,0.005698005698005699,0.41652449010008347,0.00018503090967368876,0.22269641125121242,0.3910732568019659,-1
326,157,analysis,0.0,0.0,0.0,0.296656704261094,0.0,1.0,0.0,0
335,165,analysis,0.09401709401709403,0.2905982905982906,0.011965811965811965,0.6788018802042333,0.017483177621417788,0.08447447570752536,0.2760461889501977,-1
342,169,analysis,0.017094017094017096,0.23076923076923078,0.0,0.3139103636374892,3.6072951352484424e-05,0.3349917081260365,0.47023625917297457,-1
345,171,analysis,0.0,0.0,0.0,0.3274710303754066,0.0,1.0,0.0,0
347,172,analysis,0.0,0.0,0.0,0.10566425175617139,0.0,1.0,0.0,0
355,176,analysis,0.051282051282051294,0.18803418803418806,0.0014245014245014252,0.36730987950803773,4.46873874963613e-05,0.2748135398737809,0.36618841196849283,-1
361,178,analysis,0.0,0.0,0.0,0.04087651241621224,0.0,1.0,0.0,0
366,180,analysis,0.05982905982905984,0.25641025641025644,0.005128205128205129,0.5761504534801329,0.0017074530306842627,0.22569371452596174,0.36075016881228145,-1
372,184,analysis,0.008547008547008548,0.025641025641025644,0.0,0.12262953724863672,0.0,1.0,0.0,0
382,191,analysis,0.0,0.0,0.0,0.0,0.0,1.0,0.0,0
411,209,analysis,0.0,0.0,0.0,0.1985773204650553,0.0,1.0,0.0,0
417,211,analysis,0.008547008547008548,0.008547008547008548,0.008547008547008548,0.6945532485543708,0.0,1.0,0.0,-1
425,218,analysis,0.008547008547008548,0.23076923076923078,0.0,0.3571827367443851,5.8685846230161226e-05,0.5,0.5,-1
427,219,analysis,0.0,0.0,0.0,0.2204191300843736,0.0,1.0,0.0,0
432,222,analysis,0.0,0.0,0.0,0.08175302483242448,0.0,1.0,0.0,0
439,227,analysis,0.0,0.0,0.0,0.04087651241621224,0.0,1.0,0.0,0
458,244,analysis,0.0,0.0,0.0,0.0,0.0,1.0,0.0,0
464,248,analysis,0.0,0.0,0.0,0.22705222016255505,0.0,1.0,0.0,0
468,251,analysis,0.0,0.0,0.0,0.04087651241621224,0.0,1.0,0.0,0
485,265,analysis,0.0,0.0,0.0,0.14140949951226467,0.0,1.0,0.0,0
488,267,analysis,0.0,0.0,0.0,0.10566425175617139,0.0,1.0,0.0,0
496,273,analysis,0.0,0.0,0.0,0.27274547733734705,0.0,1.0,0.0,0
497,274,analysis,0.0,0.0,0.0,0.04087651241621224,0.0,1.0,0.0,0
506,283,analysis,0.0,0.0,0.0,0.1766653474326398,0.0,1.0,0.0,0
507,284,analysis,0.0,0.0,0.0,0.04087651241621224,0.0,1.0,0.0,0
519,289,analysis,0.0,0.0,0.0,0.15126107008403927,0.0,1.0,0.0,0
522,291,analysis,0.0,0.0,0.0,0.0,0.0,1.0,0.0,0
529,296,analysis,0.0,0.0,0.0,0.04087651241621224,0.0,1.0,0.0,0
535,301,analysis,0.0,0.0,0.0,0.3241808832486074,0.0,1.0,0.0,0
537,302,analysis,0.0,0.0,0.0,0.43750288159859957,0.0,1.0,0.0,-1
545,309,analysis,0.0,0.0,0.0,0.04087651241621224,0.0,1.0,0.0,0
553,316,analysis,0.0,0.0,0.0,0.04087651241621224,0.0,1.0,0.0,0
558,320,analysis,0.0,0.0,0.0,0.20438256208106123,0.0,1.0,0.0,0
559,321,analysis,0.0,0.0,0.0,0.2934896430652706,0.0,1.0,0.0,0
577,338,analysis,0.0,0.0,0.0,0.04087651241621224,0.0,1.0,0.0,0
587,345,analysis,0.0,0.0,0.0,0.04087651241621224,0.0,1.0,0.0,0
593,350,analysis,0.0,0.0,0.0,0.08175302483242448,0.0,1.0,0.0,0
599,354,analysis,0.0,0.0,0.0,0.04087651241621224,0.0,1.0,0.0,0
608,362,analysis,0.0,0.0,0.0,0.04087651241621224,0.0,1.0,0.0,0
610,363,analysis,0.0,0.0,0.0,0.26536431369634583,0.0,1.0,0.0,0
616,369,analysis,0.03418803418803419,0.13675213675213677,0.005698005698005699,0.5537300862889251,0.0005877557993999328,0.6042137404580152,0.3845381016984257,-1
630,381,analysis,0.0,0.0,0.0,0.04087651241621224,0.0,1.0,0.0,0
634,384,analysis,0.008547008547008548,0.008547008547008548,0.008547008547008548,0.08175302483242448,0.0,1.0,0.0,0
641,390,analysis,0.0,0.0,0.0,0.08175302483242448,0.0,1.0,0.0,0
652,400,analysis,0.0,0.0,0.0,0.04087651241621224,0.0,1.0,0.0,0
661,408,analysis,0.008547008547008548,0.03418803418803419,0.0,0.08175302483242448,0.0,1.0,0.0,0
665,410,analysis,0.0,0.0,0.0,0.04087651241621224,0.0,1.0,0.0,0
677,419,analysis,0.0,0.0,0.0,0.08175302483242448,0.0,1.0,0.0,0
683,423,analysis,0.0,0.0,0.0,0.0,0.0,1.0,0.0,0
690,429,analysis,0.0,0.0,0.0,0.04087651241621224,0.0,1.0,0.0,0
693,432,analysis,0.0,0.0,0.0,0.04087651241621224,0.0,1.0,0.0,0
696,434,analysis,0.008547008547008548,0.06837606837606838,0.0,0.24969517580222897,1.0588577760181995e-05,0.5,0.5,-1
701,438,analysis,0.0,0.0,0.0,0.04087651241621224,0.0,1.0,0.0,0
714,450,analysis,0.008547008547008548,0.025641025641025644,0.0,0.10566425175617139,3.589348393282032e-07,0.5,0.5,-1
718,453,analysis,0.0,0.0,0.0,0.04087651241621224,0.0,1.0,0.0,0
730,464,analysis,0.0,0.0,0.0,0.14654076417238365,0.0,1.0,0.0,0
737,469,analysis,0.017094017094017096,0.06837606837606838,0.0,0.3968734850137594,6.317253172176377e-05,0.625,0.44487826050130463,-1
763,493,analysis,0.0,0.0,0.0,0.17364046174644632,0.0,1.0,0.0,0
766,495,analysis,0.0,0.0,0.0,0.10566425175617139,0.0,1.0,0.0,0
773,501,analysis,0.0,0.0,0.0,0.04087651241621224,0.0,1.0,0.0,0
781,507,analysis,0.0,0.0,0.0,0.04087651241621224,0.0,1.0,0.0,0
783,508,analysis,0.0,0.0,0.0,0.0,0.0,1.0,0.0,0
788,512,analysis,0.0,0.0,0.0,0.04087651241621224,0.0,1.0,0.0,0
797,519,analysis,0.0,0.0,0.0,0.4504140236697258,0.0,1.0,0.0,-1
801,523,analysis,0.0,0.0,0.0,0.04087651241621224,0.0,1.0,0.0,0
807,527,analysis,0.017094017094017096,0.042735042735042736,0.004273504273504274,0.3435728693779131,3.1586265860881886e-05,0.4431818181818182,0.41608085540783374,-1
815,533,analysis,0.0,0.0,0.0,0.04087651241621224,0.0,1.0,0.0,0
824,540,analysis,0.017094017094017096,0.025641025641025644,0.004273504273504274,0.2605893784692952,1.0409110340517893e-05,0.3563218390804597,0.4560191821810891,-1
840,554,analysis,0.0,0.0,0.0,0.04087651241621224,0.0,1.0,0.0,0
841,555,analysis,0.0,0.0,0.0,0.04087651241621224,0.0,1.0,0.0,0
843,556,analysis,0.0,0.0,0.0,0.10566425175617139,0.0,1.0,0.0,0
868,577,analysis,0.008547008547008548,0.008547008547008548,0.008547008547008548,0.6662664786388461,0.001248734306022819,0.5,0.5,-1
872,580,analysis,0.0,0.0,0.0,0.04087651241621224,0.0,1.0,0.0,0
875,582,analysis,0.0,0.0,0.0,0.21604880942399843,0.0,1.0,0.0,0
880,586,analysis,0.0,0.0,0.0,0.0,0.0,1.0,0.0,0
883,588,analysis,0.0,0.0,0.0,0.48218095953246154,0.0,1.0,0.0,-1
901,601,analysis,0.0,0.0,0.0,0.21754185984885205,0.0,1.0,0.0,0
8,4,context,1.0000000000000002,1.0,1.0000000000000002,1.0,0.09455169218035328,0.2641384382931956,0.3000500266461655,-1
14,6,context,1.0000000000000002,1.0,1.0000000000000002,0.6264881146182488,0.00034206490187977767,0.14070642218151422,0.1433761420405104,-1
21,9,context,0.017094017094017096,0.47008547008547014,0.0,0.06478773933995914,0.0,1.0,0.0,-1
31,14,context,0.08547008547008549,0.41880341880341887,0.004884004884004884,0.6662525849857,0.008886867686926984,0.14801963656925488,0.30947268068957456,-1
39,17,context,0.0,0.0,0.0,0.0,0.0,1.0,0.0,0
42,18,context,0.05982905982905984,0.05982905982905984,0.05982905982905984,0.6783556528555948,0.005441990566474553,0.3070895030175115,0.33210172619216005,-1
48,21,context,0.042735042735042736,0.1452991452991453,0.0017094017094017085,0.742011205202629,0.04125327842108872,0.21125950739201996,0.3659946612832642,-1
56,24,context,0.017094017094017096,0.03418803418803419,0.004273504273504274,0.1147548783282022,3.589348393282032e-07,0.6666666666666666,0.4714045207910317,-1
75,32,context,0.042735042735042736,0.9658119658119659,0.0,0.12262953724863672,1.794674196641016e-07,0.3333333333333333,0.4714045207910317,-1
76,33,context,0.0,0.0,0.0,0.0,0.0,1.0,0.0,0
86,38,context,0.017094017094017096,0.27350427350427353,0.0,0.06478773933995914,0.0,1.0,0.0,-1
93,41,context,0.0,0.0,0.0,0.06478773933995914,0.0,1.0,0.0,0
95,42,context,0.017094017094017096,0.623931623931624,0.0,0.06478773933995914,0.0,1.0,0.0,-1
96,43,context,0.13675213675213677,0.9743589743589745,0.0011396011396011402,0.19436321801987744,7.178696786564064e-07,0.14705882352941177,0.2719594413074548,-1
98,44,context,0.025641025641025644,0.23931623931623935,0.008547008547008548,0.16708122558117566,2.333076455633321e-06,0.25,0.4330127018922193,-1
103,46,context,0.008547008547008548,0.17948717948717952,0.0,0.06478773933995914,1.794674196641016e-07,0.5,0.5,-1
113,50,context,0.2478632478632479,0.26495726495726496,0.07692307692307693,0.37514090369340586,2.584330843163063e-05,0.12708333333333333,0.19174003896200778,-1
129,58,context,0.0,0.0,0.0,0.04087651241621224,0.0,1.0,0.0,0
130,59,context,0.0,0.0,0.0,0.04087651241621224,0.0,1.0,0.0,0
157,71,context,0.0,0.0,0.0,0.08175302483242448,0.0,1.0,0.0,0
176,79,context,0.017094017094017096,0.41880341880341887,0.0,0.5537892064359835,0.0021451740672450066,0.33372375135949134,0.4711286962079334,-1
182,81,context,0.11111111111111113,0.6324786324786326,0.0014245014245014252,0.19436321801987744,1.0768045179846097e-06,0.15476190476190474,0.27068611906909695,-1
184,82,context,0.0,0.0,0.0,0.0,0.0,1.0,0.0,0
210,96,context,0.008547008547008548,0.042735042735042736,0.0,0.08175302483242448,3.589348393282032e-07,0.5,0.5,-1
236,110,context,0.10256410256410257,0.6752136752136753,0.001554001554001554,0.17954261766816138,8.97337098320508e-07,0.12307692307692307,0.2664693550105965,-1
241,112,context,0.05982905982905984,0.46153846153846156,0.0,0.2715776700328551,7.358164206228166e-06,0.2804878048780488,0.3147192170869254,-1
248,115,context,0.0,0.0,0.0,0.0,0.0,1.0,0.0,0
275,129,context,0.008547008547008548,0.5897435897435898,0.0,0.08175302483242448,3.589348393282032e-07,0.5,0.5,-1
279,131,context,0.0,0.0,0.0,0.0,0.0,1.0,0.0,0
297,139,context,0.0,0.0,0.0,0.0,0.0,1.0,0.0,0
303,142,context,0.2307692307692308,0.6495726495726496,0.005530417295123177,0.25767657202194105,2.8714787146256258e-06,0.11383928571428571,0.20933406544715236,-1
315,150,context,0.12820512820512822,0.4786324786324787,0.006647673314339981,0.2096672009284175,2.333076455633321e-06,0.09134615384615384,0.25252973051286337,-1
320,152,context,0.025641025641025644,0.13675213675213677,0.0,0.1147548783282022,3.589348393282032e-07,0.375,0.414578098794425,-1
338,167,context,0.008547008547008548,0.41880341880341887,0.0,0.08175302483242448,0.0,1.0,0.0,-1
348,172,context,0.008547008547008548,0.22222222222222224,0.0,0.08175302483242448,3.589348393282032e-07,0.5,0.5,-1
356,176,context,0.12820512820512822,0.23076923076923078,0.05982905982905984,0.6362543864712477,0.0016471519776771245,0.3285438003922423,0.3001634436801689,-1
362,178,context,0.017094017094017096,0.1452991452991453,0.0,0.22578394887848208,6.101892268579455e-06,0.39215686274509803,0.435806093546919,-1
369,182,context,0.3333333333333333,0.4102564102564103,0.10541310541310543,0.7050620176986112,0.0008976960331598362,0.776484406237505,0.35531474768055066,-1
378,189,context,0.008547008547008548,0.008547008547008548,0.008547008547008548,0.1985773204650553,4.48668549160254e-06,0.5,0.5,-1
385,193,context,0.0,0.0,0.0,0.06478773933995914,0.0,1.0,0.0,0
390,197,context,0.06837606837606838,0.35042735042735046,0.006837606837606839,0.2561643778404669,5.7429574292512515e-06,0.2048611111111111,0.2965041950029054,-1
397,202,context,0.09401709401709403,0.09401709401709403,0.09401709401709403,0.6570650994389015,0.0031198616234407424,0.3284821291609143,0.3738921532115016,-1
402,204,context,0.008547008547008548,0.008547008547008548,0.008547008547008548,0.45584059361267215,0.00023312817814366798,0.5,0.5,-1
409,208,context,0.017094017094017096,0.03418803418803419,0.0,0.32146050258536496,3.5355081673828016e-05,0.3333333333333333,0.4714045207910317,-1
412,209,context,0.008547008547008548,0.008547008547008548,0.008547008547008548,0.36157278389490966,2.8355852306928053e-05,0.5,0.5,-1
414,210,context,0.017094017094017096,0.17948717948717952,0.0,0.32513980424251876,3.104786360188958e-05,0.4720616570327553,0.41015578586943946,-1
419,212,context,0.0,0.0,0.0,0.04087651241621224,0.0,1.0,0.0,0
420,213,context,0.017094017094017096,0.1623931623931624,0.0,0.21754185984885205,6.281359688243557e-06,0.3523809523809524,0.45852964256040846,-1
443,230,context,0.0,0.0,0.0,0.0,0.0,1.0,0.0,0
455,242,context,0.0,0.0,0.0,0.0,0.0,1.0,0.0,0
457,243,context,0.0,0.0,0.0,0.0,0.0,1.0,0.0,0
459,244,context,0.0,0.0,0.0,0.10566425175617139,0.0,1.0,0.0,0
466,249,context,0.0,0.0,0.0,0.0,0.0,1.0,0.0,0
477,259,context,0.0,0.0,0.0,0.14140949951226467,0.0,1.0,0.0,0
483,264,context,0.008547008547008548,0.12820512820512822,0.0,0.17045199109613052,2.5125438752974226e-06,0.5,0.5,-1
489,267,context,0.0,0.0,0.0,0.06478773933995914,0.0,1.0,0.0,0
509,285,context,0.025641025641025644,0.17094017094017094,0.0028490028490028487,0.15126107008403927,8.97337098320508e-07,0.45,0.455521678957215,-1
515,288,context,0.0,0.0,0.0,0.10566425175617139,0.0,1.0,0.0,0
523,291,context,0.008547008547008548,0.008547008547008548,0.008547008547008548,0.04087651241621224,0.0,1.0,0.0,0
542,306,context,0.008547008547008548,0.008547008547008548,0.008547008547008548,0.04087651241621224,0.0,1.0,0.0,0
543,307,context,0.0,0.0,0.0,0.10566425175617139,0.0,1.0,0.0,0
549,312,context,0.0,0.0,0.0,0.0,0.0,1.0,0.0,0
582,342,context,0.0,0.0,0.0,0.0,0.0,1.0,0.0,0
588,345,context,0.0,0.0,0.0,0.04087651241621224,0.0,1.0,0.0,0
594,350,context,0.0,0.0,0.0,0.0,0.0,1.0,0.0,0
615,368,context,0.0,0.0,0.0,0.0,0.0,1.0,0.0,0
619,371,context,0.025641025641025644,0.11111111111111112,0.0,0.3606684805405503,3.086839618222548e-05,0.4491279069767442,0.3643678217758813,-1
651,399,context,0.0,0.0,0.0,0.0,0.0,1.0,0.0,0
662,408,context,0.008547008547008548,0.03418803418803419,0.0,0.04087651241621224,0.0,1.0,0.0,0
669,413,context,0.0,0.0,0.0,0.0,0.0,1.0,0.0,0
673,415,context,0.025641025641025644,0.03418803418803419,0.008547008547008548,0.47414497943816675,0.0003111965056975522,0.44506920415224915,0.4466204836137999,-1
678,419,context,0.0,0.0,0.0,0.04087651241621224,0.0,1.0,0.0,0
734,467,context,0.0,0.0,0.0,0.04087651241621224,0.0,1.0,0.0,0
754,485,context,0.0,0.0,0.0,0.08175302483242448,0.0,1.0,0.0,0
765,494,context,0.0,0.0,0.0,0.0,0.0,1.0,0.0,0
775,502,context,0.0,0.0,0.0,0.10566425175617139,0.0,1.0,0.0,0
790,514,context,0.0,0.0,0.0,0.0,0.0,1.0,0.0,0
798,520,context,0.025641025641025644,0.03418803418803419,0.008547008547008548,0.24969517580222897,4.307218071938439e-06,0.59375,0.36606840397511625,-1
812,531,context,0.008547008547008548,0.025641025641025644,0.0,0.270984978192183,1.2742186796151214e-05,0.5,0.5,-1
820,537,context,0.0,0.0,0.0,0.04087651241621224,0.0,1.0,0.0,0
828,543,context,0.0,0.0,0.0,0.0,0.0,1.0,0.0,0
850,562,context,0.008547008547008548,0.008547008547008548,0.008547008547008548,0.1147548783282022,1.794674196641016e-07,0.5,0.5,-1
854,565,context,0.008547008547008548,0.008547008547008548,0.008547008547008548,0.09491232260021532,5.384022589923049e-07,0.5,0.5,-1
858,569,context,0.008547008547008548,0.017094017094017096,0.0,0.04087651241621224,0.0,1.0,0.0,0
866,576,context,0.0,0.0,0.0,0.04087651241621224,0.0,1.0,0.0,0
888,592,context,0.0,0.0,0.0,0.0,0.0,1.0,0.0,0
890,593,context,0.0,0.0,0.0,0.0,0.0,1.0,0.0,0
892,594,context,0.0,0.0,0.0,0.0,0.0,1.0,0.0,0
894,595,context,0.0,0.0,0.0,0.04087651241621224,0.0,1.0,0.0,0
910,610,context,0.0,0.0,0.0,0.0,0.0,1.0,0.0,0
11,5,noise_quick,0.0,0.0,0.0,0.04087651241621224,0.0,1.0,0.0,0
33,14,noise_quick,0.09401709401709403,0.15384615384615385,0.017094017094017096,0.9212879428197226,0.3362386715678023,0.27093474584955934,0.34482690791373405,-1
50,21,noise_quick,0.09401709401709403,0.15384615384615385,0.011965811965811965,0.941044602181569,1.0,0.1273531768066357,0.27338514162090166,-1
58,24,noise_quick,0.017094017094017096,0.03418803418803419,0.004273504273504274,0.47743438993462234,0.00035426868641693656,0.5322526173590004,0.4107884240331985,-1
87,38,noise_quick,0.008547008547008548,0.11111111111111112,0.0,0.04087651241621224,0.0,1.0,0.0,0
99,44,noise_quick,0.017094017094017096,0.23931623931623935,0.004273504273504274,0.12262953724863672,8.97337098320508e-07,0.3333333333333333,0.4714045207910317,-1
115,50,noise_quick,0.23931623931623935,0.26495726495726496,0.07407407407407408,0.37390583568803876,2.566384101196653e-05,0.12273932963588138,0.19441779151076422,-1
178,79,noise_quick,0.35042735042735046,0.4786324786324787,0.08119658119658121,0.8177678347353794,0.012443911944669478,0.3119772844959612,0.1949706587260211,-1
299,139,noise_quick,0.0,0.0,0.0,0.0,0.0,1.0,0.0,0
307,145,noise_quick,0.0,0.0,0.0,0.06478773933995914,0.0,1.0,0.0,0
317,150,noise_quick,0.17094017094017097,0.4786324786324787,0.009401709401709403,0.23632182211248,3.948283232610236e-06,0.07359307359307359,0.21798159575387246,-1
350,172,noise_quick,0.0,0.0,0.0,0.06478773933995914,0.0,1.0,0.0,0
358,176,noise_quick,0.13675213675213677,0.23931623931623935,0.02777777777777778,0.5402730569680901,0.00014824008864254792,0.6237003275886625,0.2933206152980617,-1
364,178,noise_quick,0.017094017094017096,0.1452991452991453,0.0,0.26129564250058585,8.076033884884572e-06,0.5111111111111111,0.40855058468556077,-1
380,189,noise_quick,0.0,0.0,0.0,0.06478773933995914,0.0,1.0,0.0,0
395,200,noise_quick,0.0,0.0,0.0,0.04087651241621224,0.0,1.0,0.0,0
399,202,noise_quick,0.10256410256410257,0.10256410256410257,0.10256410256410257,0.7807385571372781,0.010272535634153512,0.7534091199249568,0.25195911700179713,-1
404,204,noise_quick,0.008547008547008548,0.025641025641025644,0.0,0.3451180846374389,6.209572720377916e-05,0.5,0.5,-1
429,219,noise_quick,0.042735042735042736,0.1965811965811966,0.004273504273504274,0.6584594653181916,0.0067506669906651825,0.31295582436084896,0.3644660536127771,-1
511,285,noise_quick,0.0,0.0,0.0,0.06478773933995914,0.0,1.0,0.0,0
517,288,noise_quick,0.0,0.0,0.0,0.1147548783282022,0.0,1.0,0.0,0
