dt,user_id,type,api_count
2021-08-13,0,gnql,144
2021-08-13,1,gnql,2
2021-08-13,1,riot,1
2021-08-13,2,analysis,1
2021-08-13,2,gnql,4
2021-08-13,3,gnql,1
2021-08-13,4,context,200125
2021-08-13,5,gnql,7
2021-08-13,6,context,1986
2021-08-13,7,gnql,1
2021-08-13,8,riot,1
2021-08-13,9,context,1
2021-08-13,9,riot,1
2021-08-13,10,gnql,6
2021-08-13,10,riot,2
2021-08-13,11,gnql,1
2021-08-13,12,gnql,2
2021-08-13,13,gnql,3
2021-08-13,13,riot,1
2021-08-13,14,context,206
2021-08-13,14,gnql,59
2021-08-13,14,noise_quick,323
2021-08-13,14,riot,417
2021-08-13,15,gnql,5
2021-08-13,15,riot,2
2021-08-13,16,gnql,5
2021-08-13,16,riot,2
2021-08-13,17,gnql,2
2021-08-13,18,context,22834
2021-08-13,18,riot,22176
2021-08-13,19,gnql,261
2021-08-13,19,riot,84
2021-08-13,20,gnql,4
2021-08-13,20,riot,2
2021-08-13,21,context,61464
2021-08-13,21,gnql,568
2021-08-13,21,noise_quick,311980
2021-08-13,21,riot,73341
2021-08-13,22,gnql,6
2021-08-13,22,riot,2
2021-08-13,23,gnql,11
2021-08-13,23,riot,3
2021-08-13,24,context,1
2021-08-13,24,gnql,74
2021-08-13,24,noise_quick,1221
2021-08-13,24,riot,21
2021-08-14,0,gnql,144
2021-08-14,25,gnql,2
2021-08-14,4,context,89450
2021-08-14,6,context,193
2021-08-14,7,gnql,10
2021-08-14,7,riot,7
2021-08-14,8,gnql,6
2021-08-14,8,riot,1
2021-08-14,26,gnql,2
2021-08-14,26,riot,1
2021-08-14,10,gnql,10
2021-08-14,10,riot,5
2021-08-14,27,gnql,24
2021-08-14,27,riot,8
2021-08-14,14,gnql,36
2021-08-14,14,noise_quick,3
2021-08-14,28,gnql,2
2021-08-14,28,riot,1
2021-08-14,18,context,3867
2021-08-14,18,riot,3867
2021-08-14,19,gnql,44
2021-08-14,19,riot,13
2021-08-14,21,gnql,319
2021-08-14,24,gnql,12
2021-08-15,0,gnql,144
2021-08-15,4,context,74314
2021-08-15,6,context,187
2021-08-15,29,gnql,9
2021-08-15,29,riot,3
2021-08-15,30,gnql,6
2021-08-15,30,riot,8
2021-08-15,27,gnql,8
2021-08-15,27,riot,3
2021-08-15,14,context,202
2021-08-15,14,gnql,36
2021-08-15,14,noise_quick,3
2021-08-15,14,riot,103
2021-08-15,31,gnql,6
2021-08-15,31,riot,2
2021-08-15,17,gnql,3
2021-08-15,17,riot,1
2021-08-15,18,context,6432
2021-08-15,18,riot,6274
2021-08-15,19,gnql,143
2021-08-15,19,riot,50
2021-08-15,21,gnql,305
2021-08-15,24,gnql,12
2021-08-16,0,gnql,144
2021-08-16,25,analysis,202
2021-08-16,4,context,200193
2021-08-16,32,context,2
2021-08-16,33,gnql,1
2021-08-16,6,context,299
2021-08-16,34,gnql,8
2021-08-16,34,riot,2
2021-08-16,35,gnql,10
2021-08-16,35,riot,4
2021-08-16,10,gnql,4
2021-08-16,10,riot,1
2021-08-16,11,gnql,5
2021-08-16,29,gnql,14
2021-08-16,29,riot,4
2021-08-16,30,gnql,10
2021-08-16,36,gnql,13
2021-08-16,36,riot,5
2021-08-16,37,gnql,3
2021-08-16,38,context,1
2021-08-16,38,noise_quick,1
2021-08-16,38,riot,1
2021-08-16,14,context,105
2021-08-16,14,gnql,30
2021-08-16,14,noise_quick,137
2021-08-16,14,riot,5
2021-08-16,31,gnql,8
2021-08-16,31,riot,3
2021-08-16,39,gnql,3
2021-08-16,39,riot,1
2021-08-16,15,gnql,10
2021-08-16,15,riot,2
2021-08-16,40,gnql,6
2021-08-16,40,riot,2
2021-08-16,41,context,3
2021-08-16,41,riot,2
2021-08-16,16,gnql,8
2021-08-16,16,riot,2
2021-08-16,18,context,3064
2021-08-16,18,riot,3079
2021-08-16,42,context,1
2021-08-16,21,context,229866
2021-08-16,21,gnql,1432
2021-08-16,21,riot,87813
2021-08-16,43,context,1
2021-08-16,43,riot,1
2021-08-16,22,gnql,1
2021-08-16,44,context,14
2021-08-16,44,riot,13
2021-08-16,24,context,3
2021-08-16,24,gnql,12
2021-08-16,24,noise_quick,43
2021-08-16,24,riot,6
2021-08-17,45,gnql,5
2021-08-17,45,riot,1
2021-08-17,0,gnql,144
2021-08-17,46,context,2
2021-08-17,46,riot,2
2021-08-17,4,context,195395
2021-08-17,5,gnql,7
2021-08-17,5,riot,1
2021-08-17,6,context,283
2021-08-17,7,gnql,3
2021-08-17,47,gnql,5
2021-08-17,47,riot,1
2021-08-17,10,gnql,4
2021-08-17,10,riot,1
2021-08-17,48,gnql,9
2021-08-17,49,gnql,5
2021-08-17,49,riot,1
2021-08-17,27,gnql,7
2021-08-17,27,riot,2
2021-08-17,37,gnql,79
2021-08-17,13,gnql,6
2021-08-17,13,riot,2
2021-08-17,14,context,11
2021-08-17,14,gnql,29
2021-08-17,14,noise_quick,18
2021-08-17,14,riot,12
2021-08-17,15,gnql,2
2021-08-17,28,gnql,5
2021-08-17,28,riot,2
2021-08-17,16,riot,1
2021-08-17,18,context,14332
2021-08-17,18,riot,13897
2021-08-17,50,gnql,2
2021-08-17,50,riot,1
2021-08-17,51,gnql,4
2021-08-17,21,context,1
2021-08-17,21,gnql,1392
2021-08-17,21,noise_quick,5572043
2021-08-17,44,context,1
2021-08-17,44,noise_quick,1
2021-08-17,44,riot,2
2021-08-17,24,context,3
2021-08-17,24,gnql,12
2021-08-17,24,noise_quick,2017
2021-08-17,24,riot,1
2021-08-18,0,gnql,144
2021-08-18,4,context,169964
2021-08-18,33,gnql,13
2021-08-18,6,context,350
2021-08-18,7,gnql,5
2021-08-18,10,gnql,10
2021-08-18,10,riot,3
2021-08-18,49,gnql,2
2021-08-18,49,riot,1
2021-08-18,29,gnql,19
2021-08-18,29,riot,10
2021-08-18,30,gnql,1
2021-08-18,37,gnql,16
2021-08-18,14,context,11
2021-08-18,14,gnql,153
2021-08-18,14,noise_quick,1138253
2021-08-18,14,riot,12
2021-08-18,52,gnql,13
2021-08-18,52,riot,4
2021-08-18,40,gnql,9
2021-08-18,40,riot,2
2021-08-18,28,gnql,3
2021-08-18,28,riot,2
2021-08-18,18,context,33387
2021-08-18,18,riot,33291
2021-08-18,50,gnql,30
2021-08-18,50,riot,8
2021-08-18,53,gnql,9
2021-08-18,54,gnql,12
2021-08-18,55,gnql,16
2021-08-18,56,gnql,18
2021-08-18,56,riot,2
2021-08-18,57,gnql,8
2021-08-18,58,context,2
2021-08-18,59,context,2
2021-08-18,21,gnql,350
2021-08-18,21,noise_quick,2
2021-08-18,44,context,1
2021-08-18,44,riot,2
2021-08-18,24,gnql,12
2021-08-19,45,gnql,2
2021-08-19,45,riot,1
2021-08-19,0,gnql,144
2021-08-19,4,context,185293
2021-08-19,60,gnql,4
2021-08-19,60,riot,1
2021-08-19,6,context,299
2021-08-19,7,gnql,2
2021-08-19,47,gnql,6
2021-08-19,47,riot,2
2021-08-19,10,gnql,2
2021-08-19,10,riot,1
2021-08-19,48,gnql,1
2021-08-19,48,riot,1
2021-08-19,30,gnql,7
2021-08-19,30,riot,1
2021-08-19,14,gnql,24
2021-08-19,52,gnql,16
2021-08-19,52,riot,6
2021-08-19,31,gnql,3
2021-08-19,31,riot,1
2021-08-19,61,gnql,3
2021-08-19,18,context,10331
2021-08-19,18,riot,10296
2021-08-19,50,gnql,8
2021-08-19,50,riot,3
2021-08-19,51,analysis,21
2021-08-19,21,gnql,551
2021-08-19,21,noise_quick,6
2021-08-19,22,gnql,24
2021-08-19,22,riot,7
2021-08-19,24,gnql,12
2021-08-20,0,gnql,141
2021-08-20,3,gnql,6
2021-08-20,3,riot,2
2021-08-20,4,context,192377
2021-08-20,5,gnql,3
2021-08-20,5,riot,1
2021-08-20,6,context,461
2021-08-20,47,gnql,3
2021-08-20,47,riot,1
2021-08-20,48,gnql,6
2021-08-20,30,gnql,10
2021-08-20,37,gnql,253
2021-08-20,14,gnql,24
2021-08-20,31,gnql,3
2021-08-20,31,riot,1
2021-08-20,15,gnql,5
2021-08-20,40,gnql,2
2021-08-20,18,context,4760
2021-08-20,18,riot,4672
2021-08-20,19,gnql,43
2021-08-20,19,riot,14
2021-08-20,21,gnql,406
2021-08-20,21,noise_quick,1270171
2021-08-20,21,riot,879
2021-08-20,62,analysis,12
2021-08-20,43,context,1
2021-08-20,43,riot,1
2021-08-20,24,gnql,12
2021-08-21,0,gnql,144
2021-08-21,4,context,81838
2021-08-21,6,context,80
2021-08-21,63,analysis,17
2021-08-21,63,gnql,6
2021-08-21,48,gnql,6
2021-08-21,48,riot,1
2021-08-21,30,gnql,4
2021-08-21,27,gnql,5
2021-08-21,27,riot,3
2021-08-21,14,gnql,24
2021-08-21,19,gnql,105
2021-08-21,19,riot,40
2021-08-21,21,gnql,423
2021-08-21,24,gnql,12
2021-08-22,0,gnql,143
2021-08-22,4,context,78100
2021-08-22,64,gnql,6
2021-08-22,64,riot,2
2021-08-22,6,context,158
2021-08-22,7,gnql,1
2021-08-22,8,gnql,3
2021-08-22,8,riot,1
2021-08-22,10,gnql,28
2021-08-22,10,riot,10
2021-08-22,29,gnql,11
2021-08-22,29,riot,6
2021-08-22,27,gnql,3
2021-08-22,27,riot,1
2021-08-22,13,gnql,3
2021-08-22,13,riot,1
2021-08-22,14,gnql,24
2021-08-22,39,gnql,3
2021-08-22,39,riot,1
2021-08-22,65,gnql,3
2021-08-22,65,riot,1
2021-08-22,66,gnql,10
2021-08-22,66,riot,3
2021-08-22,19,gnql,93
2021-08-22,19,riot,35
2021-08-22,21,gnql,438
2021-08-22,24,gnql,12
2021-08-23,45,gnql,3
2021-08-23,45,riot,1
2021-08-23,0,gnql,141
2021-08-23,2,gnql,27
2021-08-23,2,riot,8
2021-08-23,4,context,199570
2021-08-23,64,riot,1
2021-08-23,6,context,282
2021-08-23,7,gnql,11
2021-08-23,7,riot,1
2021-08-23,63,analysis,2
2021-08-23,63,gnql,2
2021-08-23,63,riot,1
2021-08-23,10,gnql,5
2021-08-23,10,riot,2
2021-08-23,49,gnql,4
2021-08-23,49,riot,1
2021-08-23,30,gnql,1
2021-08-23,37,gnql,26
2021-08-23,37,riot,1
2021-08-23,14,context,1
2021-08-23,14,gnql,311
2021-08-23,14,noise_quick,1873539
2021-08-23,14,riot,1
2021-08-23,67,gnql,17
2021-08-23,67,riot,2
2021-08-23,15,gnql,14
2021-08-23,28,gnql,2
2021-08-23,28,riot,1
2021-08-23,16,gnql,12
2021-08-23,16,riot,1
2021-08-23,68,gnql,14
2021-08-23,68,riot,1
2021-08-23,66,gnql,2
2021-08-23,21,context,1
2021-08-23,21,gnql,541
2021-08-23,21,noise_quick,361297
2021-08-23,24,gnql,12
2021-08-24,45,gnql,9
2021-08-24,45,riot,5
2021-08-24,0,gnql,144
2021-08-24,4,context,179747
2021-08-24,60,gnql,3
2021-08-24,60,riot,1
2021-08-24,69,gnql,5
2021-08-24,69,riot,2
2021-08-24,6,context,389
2021-08-24,6,gnql,4
2021-08-24,6,riot,1
2021-08-24,70,analysis,17
2021-08-24,70,gnql,8
2021-08-24,70,riot,2
2021-08-24,9,gnql,3
2021-08-24,9,riot,1
2021-08-24,48,gnql,2
2021-08-24,11,gnql,1
2021-08-24,71,analysis,96
2021-08-24,29,gnql,4
2021-08-24,29,riot,3
2021-08-24,72,gnql,18
2021-08-24,72,riot,1
2021-08-24,30,gnql,3
2021-08-24,30,riot,1
2021-08-24,73,gnql,3
2021-08-24,73,riot,1
2021-08-24,27,gnql,19
2021-08-24,27,riot,6
2021-08-24,37,gnql,173
2021-08-24,12,gnql,5
2021-08-24,14,gnql,24
2021-08-24,52,gnql,3
2021-08-24,52,riot,1
2021-08-24,31,gnql,15
2021-08-24,31,riot,4
2021-08-24,39,gnql,3
2021-08-24,39,riot,1
2021-08-24,61,gnql,51
2021-08-24,15,gnql,8
2021-08-24,28,gnql,3
2021-08-24,28,riot,1
2021-08-24,74,analysis,32
2021-08-24,74,gnql,153
2021-08-24,74,riot,66
2021-08-24,68,gnql,3
2021-08-24,68,riot,1
2021-08-24,51,gnql,16
2021-08-24,21,gnql,487
2021-08-24,24,gnql,6
2021-08-25,45,gnql,3
2021-08-25,45,riot,1
2021-08-25,0,gnql,144
2021-08-25,4,context,177900
2021-08-25,5,gnql,12
2021-08-25,64,gnql,4
2021-08-25,64,riot,2
2021-08-25,6,context,338
2021-08-25,7,gnql,5
2021-08-25,75,riot,1
2021-08-25,48,gnql,8
2021-08-25,11,gnql,1
2021-08-25,29,gnql,9
2021-08-25,29,riot,3
2021-08-25,76,gnql,2
2021-08-25,72,gnql,1
2021-08-25,30,gnql,5
2021-08-25,27,gnql,25
2021-08-25,27,riot,5
2021-08-25,37,gnql,169
2021-08-25,12,gnql,2
2021-08-25,14,context,26572
2021-08-25,14,gnql,21
2021-08-25,14,noise_quick,1519132
2021-08-25,14,riot,5000
2021-08-25,52,gnql,3
2021-08-25,52,riot,1
2021-08-25,31,gnql,5
2021-08-25,31,riot,2
2021-08-25,61,gnql,12
2021-08-25,15,gnql,7
2021-08-25,15,riot,2
2021-08-25,16,gnql,2
2021-08-25,16,riot,1
2021-08-25,77,gnql,4
2021-08-25,77,riot,1
2021-08-25,50,analysis,8
2021-08-25,50,gnql,22
2021-08-25,50,riot,8
2021-08-25,66,gnql,14
2021-08-25,66,riot,5
2021-08-25,51,analysis,21
2021-08-25,51,riot,2
2021-08-25,21,gnql,447
2021-08-25,21,noise_quick,999820
2021-08-26,0,gnql,138
2021-08-26,4,context,183657
2021-08-26,6,context,315
2021-08-26,78,analysis,13
2021-08-26,7,gnql,2
2021-08-26,10,gnql,2
2021-08-26,10,riot,1
2021-08-26,48,gnql,1
2021-08-26,30,gnql,6
2021-08-26,27,gnql,10
2021-08-26,37,gnql,9
2021-08-26,12,gnql,16
2021-08-26,14,gnql,12
2021-08-26,14,noise_quick,75374
2021-08-26,52,gnql,4
2021-08-26,52,riot,1
2021-08-26,31,gnql,9
2021-08-26,31,riot,1
2021-08-26,67,gnql,35
2021-08-26,67,riot,9
2021-08-26,28,gnql,5
2021-08-26,28,riot,2
2021-08-26,77,riot,1
2021-08-26,50,analysis,90
2021-08-26,50,gnql,3
2021-08-26,79,gnql,4
2021-08-26,80,gnql,4
2021-08-26,80,riot,2
2021-08-26,51,analysis,63
2021-08-26,51,gnql,11
2021-08-26,21,gnql,403
2021-08-26,43,context,1
2021-08-26,43,riot,1
2021-08-27,0,gnql,129
2021-08-27,2,gnql,6
2021-08-27,4,context,178018
2021-08-27,60,gnql,10
2021-08-27,6,context,237
2021-08-27,47,gnql,2
2021-08-27,81,context,2
2021-08-27,81,riot,1
2021-08-27,27,gnql,2
2021-08-27,82,context,1
2021-08-27,82,gnql,4
2021-08-27,37,gnql,54
2021-08-27,12,gnql,2
2021-08-27,14,context,2
2021-08-27,14,gnql,19
2021-08-27,14,noise_quick,900307
2021-08-27,14,riot,4
2021-08-27,67,analysis,2
2021-08-27,67,gnql,6
2021-08-27,61,gnql,36
2021-08-27,79,gnql,7
2021-08-27,51,gnql,11
2021-08-27,21,context,31
2021-08-27,21,gnql,731
2021-08-27,21,noise_quick,49
2021-08-27,21,riot,46
2021-08-27,83,gnql,5
2021-08-28,0,gnql,135
2021-08-28,25,analysis,101
2021-08-28,4,context,80304
2021-08-28,6,context,162
2021-08-28,11,gnql,4
2021-08-28,14,gnql,24
2021-08-28,31,gnql,3
2021-08-28,40,gnql,2
2021-08-28,77,gnql,2
2021-08-28,65,gnql,2
2021-08-28,66,gnql,7
2021-08-28,21,gnql,319
2021-08-28,21,noise_quick,16
2021-08-29,0,gnql,126
2021-08-29,4,context,75802
2021-08-29,6,context,99
2021-08-29,38,context,1
2021-08-29,38,noise_quick,1
2021-08-29,38,riot,1
2021-08-29,14,gnql,24
2021-08-29,21,gnql,717
2021-08-29,21,noise_quick,5
2021-08-30,0,gnql,144
2021-08-30,2,gnql,5
2021-08-30,2,riot,2
2021-08-30,4,context,137825
2021-08-30,6,context,341
2021-08-30,81,context,1
2021-08-30,81,riot,1
2021-08-30,48,gnql,2
2021-08-30,29,gnql,2
2021-08-30,29,riot,1
2021-08-30,84,gnql,5
2021-08-30,84,riot,1
2021-08-30,27,gnql,1
2021-08-30,13,gnql,1
2021-08-30,14,context,49519
2021-08-30,14,gnql,24
2021-08-30,14,noise_quick,298508
2021-08-30,14,riot,4041
2021-08-30,15,gnql,14
2021-08-30,50,analysis,2
2021-08-30,50,gnql,2
2021-08-30,50,riot,1
2021-08-30,51,gnql,21
2021-08-30,51,riot,1
2021-08-30,21,context,10
2021-08-30,21,gnql,395
2021-08-30,21,noise_quick,29
2021-08-30,21,riot,22
2021-08-30,85,gnql,4
2021-08-30,43,context,3
2021-08-30,43,riot,3
2021-08-31,86,gnql,3
2021-08-31,0,gnql,144
2021-08-31,4,context,128429
2021-08-31,6,context,349
2021-08-31,87,analysis,7
2021-08-31,87,gnql,7
2021-08-31,63,analysis,20
2021-08-31,63,gnql,7
2021-08-31,75,gnql,3
2021-08-31,10,gnql,6
2021-08-31,10,riot,2
2021-08-31,11,gnql,1
2021-08-31,29,gnql,2
2021-08-31,29,riot,1
2021-08-31,30,gnql,2
2021-08-31,88,gnql,2
2021-08-31,88,riot,1
2021-08-31,27,gnql,5
2021-08-31,89,gnql,4
2021-08-31,89,riot,2
2021-08-31,37,gnql,23
2021-08-31,12,gnql,8
2021-08-31,13,gnql,2
2021-08-31,14,context,4007
2021-08-31,14,gnql,28
2021-08-31,14,noise_quick,285711
2021-08-31,14,riot,2014
2021-08-31,31,gnql,7
2021-08-31,31,riot,3
2021-08-31,67,gnql,44
2021-08-31,67,riot,14
2021-08-31,61,gnql,63
2021-08-31,15,gnql,4
2021-08-31,28,gnql,8
2021-08-31,28,riot,3
2021-08-31,77,gnql,5
2021-08-31,90,gnql,1
2021-08-31,91,gnql,3
2021-08-31,91,riot,1
2021-08-31,50,gnql,10
2021-08-31,50,riot,4
2021-08-31,65,gnql,2
2021-08-31,65,riot,1
2021-08-31,68,gnql,31
2021-08-31,68,riot,1
2021-08-31,79,gnql,24
2021-08-31,79,riot,3
2021-08-31,66,gnql,22
2021-08-31,66,riot,7
2021-08-31,51,analysis,42
2021-08-31,51,gnql,133
2021-08-31,21,gnql,367
2021-08-31,21,noise_quick,1
2021-09-01,0,gnql,123
2021-09-01,25,analysis,101
2021-09-01,25,gnql,2
2021-09-01,25,riot,1
2021-09-01,4,context,184790
2021-09-01,64,gnql,3
2021-09-01,64,riot,1
2021-09-01,6,context,276
2021-09-01,92,gnql,18
2021-09-01,78,gnql,2
2021-09-01,93,gnql,3
2021-09-01,93,riot,1
2021-09-01,87,gnql,2
2021-09-01,47,gnql,9
2021-09-01,47,riot,7
2021-09-01,63,analysis,13
2021-09-01,63,gnql,8
2021-09-01,63,riot,1
2021-09-01,75,gnql,2
2021-09-01,10,gnql,2
2021-09-01,10,riot,1
2021-09-01,11,gnql,1
2021-09-01,72,gnql,2
2021-09-01,30,gnql,6
2021-09-01,37,gnql,122
2021-09-01,12,gnql,11
2021-09-01,13,gnql,2
2021-09-01,13,riot,1
2021-09-01,14,gnql,12
2021-09-01,52,gnql,9
2021-09-01,52,riot,3
2021-09-01,67,gnql,20
2021-09-01,67,riot,5
2021-09-01,61,gnql,75
2021-09-01,28,gnql,7
2021-09-01,28,riot,2
2021-09-01,77,gnql,2
2021-09-01,74,analysis,8
2021-09-01,79,gnql,6
2021-09-01,79,riot,1
2021-09-01,51,gnql,4
2021-09-01,21,gnql,378
2021-09-01,94,gnql,2
2021-09-01,94,riot,1
2021-09-01,95,gnql,40
2021-09-01,95,riot,13
2021-09-02,0,gnql,144
2021-09-02,4,context,173501
2021-09-02,96,context,3
2021-09-02,6,context,245
2021-09-02,6,gnql,10
2021-09-02,6,riot,2
2021-09-02,92,gnql,5
2021-09-02,92,riot,2
2021-09-02,87,gnql,1
2021-09-02,47,gnql,3
2021-09-02,47,riot,1
2021-09-02,81,context,7
2021-09-02,81,riot,7
2021-09-02,49,gnql,8
2021-09-02,49,riot,3
2021-09-02,72,gnql,1
2021-09-02,30,gnql,3
2021-09-02,27,gnql,3
2021-09-02,14,gnql,12
2021-09-02,52,gnql,13
2021-09-02,52,riot,5
2021-09-02,67,gnql,14
2021-09-02,67,riot,4
2021-09-02,61,gnql,72
2021-09-02,15,gnql,24
2021-09-02,28,riot,1
2021-09-02,50,riot,1
2021-09-02,68,gnql,11
2021-09-02,79,gnql,5
2021-09-02,79,riot,1
2021-09-02,66,gnql,2
2021-09-02,21,gnql,363
2021-09-02,43,context,1
2021-09-02,43,riot,1
2021-09-03,0,gnql,144
2021-09-03,25,analysis,433
2021-09-03,25,gnql,2
2021-09-03,4,context,178305
2021-09-03,64,gnql,2
2021-09-03,64,riot,1
2021-09-03,97,gnql,10
2021-09-03,6,context,288
2021-09-03,87,gnql,2
2021-09-03,47,gnql,10
2021-09-03,47,riot,2
2021-09-03,10,gnql,7
2021-09-03,10,riot,2
2021-09-03,11,gnql,2
2021-09-03,49,gnql,2
2021-09-03,49,riot,1
2021-09-03,72,gnql,5
2021-09-03,72,riot,2
2021-09-03,27,gnql,2
2021-09-03,98,gnql,4
2021-09-03,14,gnql,12
2021-09-03,52,gnql,11
2021-09-03,52,riot,4
2021-09-03,67,gnql,16
2021-09-03,67,riot,2
2021-09-03,15,gnql,7
2021-09-03,68,gnql,10
2021-09-03,79,gnql,14
2021-09-03,79,riot,3
2021-09-03,66,gnql,10
2021-09-03,66,riot,2
2021-09-03,99,gnql,28
2021-09-03,99,riot,8
2021-09-03,21,gnql,349
2021-09-03,94,gnql,3
2021-09-03,94,riot,1
2021-09-04,0,gnql,144
2021-09-04,25,analysis,101
2021-09-04,4,context,82584
2021-09-04,64,gnql,2
2021-09-04,64,riot,1
2021-09-04,6,context,129
2021-09-04,47,gnql,3
2021-09-04,47,riot,1
2021-09-04,10,gnql,3
2021-09-04,10,riot,1
2021-09-04,100,gnql,13
2021-09-04,100,riot,2
2021-09-04,13,gnql,1
2021-09-04,14,gnql,12
2021-09-04,52,gnql,7
2021-09-04,52,riot,4
2021-09-04,77,gnql,3
2021-09-04,77,riot,2
2021-09-04,80,gnql,3
2021-09-04,80,riot,1
2021-09-04,66,gnql,1
2021-09-04,101,gnql,1
2021-09-04,21,gnql,284
2021-09-05,0,gnql,144
2021-09-05,25,analysis,101
2021-09-05,25,gnql,30
2021-09-05,4,context,79339
2021-09-05,64,gnql,18
2021-09-05,64,riot,5
2021-09-05,6,context,115
2021-09-05,29,gnql,4
2021-09-05,29,riot,1
2021-09-05,14,gnql,12
2021-09-05,31,gnql,6
2021-09-05,31,riot,3
2021-09-05,102,gnql,11
2021-09-05,102,riot,2
2021-09-05,66,gnql,7
2021-09-05,66,riot,2
2021-09-05,101,riot,1
2021-09-05,21,gnql,294
2021-09-05,95,gnql,2
2021-09-06,0,gnql,144
2021-09-06,25,analysis,498
2021-09-06,25,gnql,3
2021-09-06,4,context,85636
2021-09-06,64,gnql,2
2021-09-06,64,riot,1
2021-09-06,33,context,1
2021-09-06,6,context,342
2021-09-06,11,gnql,1
2021-09-06,49,gnql,3
2021-09-06,49,riot,1
2021-09-06,13,gnql,4
2021-09-06,13,riot,3
2021-09-06,14,gnql,9
2021-09-06,31,gnql,5
2021-09-06,31,riot,2
2021-09-06,103,gnql,3
2021-09-06,104,gnql,55
2021-09-06,104,riot,10
2021-09-06,105,gnql,19
2021-09-06,105,riot,1
2021-09-06,66,gnql,8
2021-09-06,66,riot,3
2021-09-06,101,gnql,22
2021-09-06,101,riot,1
2021-09-06,21,gnql,350
2021-09-06,43,context,1
2021-09-06,43,riot,1
2021-09-07,0,gnql,144
2021-09-07,106,analysis,2
2021-09-07,46,context,1
2021-09-07,46,riot,1
2021-09-07,4,context,165331
2021-09-07,64,gnql,3
2021-09-07,64,riot,1
2021-09-07,96,context,1
2021-09-07,6,context,340
2021-09-07,7,gnql,4
2021-09-07,7,riot,1
2021-09-07,47,gnql,5
2021-09-07,48,gnql,5
2021-09-07,49,gnql,15
2021-09-07,49,riot,7
2021-09-07,29,gnql,17
2021-09-07,29,riot,5
2021-09-07,72,gnql,4
2021-09-07,72,riot,1
2021-09-07,27,gnql,1
2021-09-07,37,gnql,12
2021-09-07,31,gnql,4
2021-09-07,31,riot,1
2021-09-07,15,gnql,37
2021-09-07,15,riot,13
2021-09-07,28,gnql,2
2021-09-07,28,riot,1
2021-09-07,50,analysis,32
2021-09-07,50,gnql,5
2021-09-07,50,riot,1
2021-09-07,65,gnql,2
2021-09-07,65,riot,1
2021-09-07,68,gnql,9
2021-09-07,68,riot,1
2021-09-07,80,gnql,3
2021-09-07,80,riot,2
2021-09-07,102,gnql,11
2021-09-07,107,gnql,7
2021-09-07,108,gnql,19
2021-09-07,108,riot,5
2021-09-07,66,gnql,32
2021-09-07,66,riot,15
2021-09-07,109,gnql,8
2021-09-07,21,gnql,290
2021-09-07,94,gnql,3
2021-09-07,94,riot,1
2021-09-08,45,gnql,2
2021-09-08,45,riot,1
2021-09-08,0,gnql,144
2021-09-08,106,analysis,2
2021-09-08,110,gnql,6
2021-09-08,110,riot,2
2021-09-08,4,context,163184
2021-09-08,5,gnql,3
2021-09-08,6,context,246
2021-09-08,92,gnql,4
2021-09-08,47,gnql,3
2021-09-08,47,riot,1
2021-09-08,10,gnql,5
2021-09-08,10,riot,1
2021-09-08,48,gnql,5
2021-09-08,29,gnql,11
2021-09-08,29,riot,6
2021-09-08,72,gnql,5
2021-09-08,72,riot,1
2021-09-08,27,riot,1
2021-09-08,37,gnql,13
2021-09-08,52,gnql,2
2021-09-08,52,riot,1
2021-09-08,31,gnql,7
2021-09-08,31,riot,2
2021-09-08,15,gnql,39
2021-09-08,15,riot,3
2021-09-08,77,gnql,4
2021-09-08,77,riot,1
2021-09-08,50,analysis,26
2021-09-08,68,analysis,6
2021-09-08,68,gnql,5
2021-09-08,79,gnql,13
2021-09-08,79,riot,3
2021-09-08,80,gnql,7
2021-09-08,80,riot,2
2021-09-08,102,gnql,15
2021-09-08,104,gnql,4
2021-09-08,108,gnql,9
2021-09-08,101,gnql,1
2021-09-08,109,gnql,2
2021-09-08,99,gnql,2
2021-09-08,23,gnql,7
2021-09-08,23,riot,3
2021-09-09,111,gnql,20
2021-09-09,0,gnql,144
2021-09-09,25,gnql,5
2021-09-09,110,gnql,1
2021-09-09,4,context,313445
2021-09-09,6,context,289
2021-09-09,92,gnql,3
2021-09-09,81,context,1
2021-09-09,81,riot,1
2021-09-09,112,context,4
2021-09-09,112,riot,4
2021-09-09,71,analysis,460
2021-09-09,72,gnql,8
2021-09-09,72,riot,1
2021-09-09,52,gnql,6
2021-09-09,52,riot,2
2021-09-09,31,gnql,13
2021-09-09,31,riot,2
2021-09-09,15,gnql,37
2021-09-09,15,riot,5
2021-09-09,28,gnql,2
2021-09-09,28,riot,1
2021-09-09,50,analysis,6
2021-09-09,50,gnql,11
2021-09-09,50,riot,3
2021-09-09,56,analysis,2
2021-09-09,56,gnql,14
2021-09-09,56,riot,1
2021-09-09,80,gnql,1
2021-09-09,102,gnql,3
2021-09-09,102,riot,1
2021-09-09,113,gnql,3
2021-09-09,113,riot,1
2021-09-09,51,gnql,1
2021-09-09,109,gnql,20
2021-09-09,109,riot,3
2021-09-09,94,gnql,2
2021-09-09,94,riot,1
2021-09-09,43,context,3
2021-09-09,43,riot,3
2021-09-09,23,gnql,12
2021-09-09,23,riot,4
2021-09-10,111,gnql,104
2021-09-10,0,gnql,144
2021-09-10,25,gnql,2
2021-09-10,4,context,583793
2021-09-10,64,gnql,3
2021-09-10,64,riot,1
2021-09-10,6,context,287
2021-09-10,7,gnql,1
2021-09-10,47,gnql,6
2021-09-10,47,riot,2
2021-09-10,81,context,1
2021-09-10,81,riot,1
2021-09-10,63,analysis,5
2021-09-10,48,gnql,1
2021-09-10,11,gnql,2
2021-09-10,11,riot,1
2021-09-10,76,gnql,2
2021-09-10,72,gnql,1
2021-09-10,114,gnql,3
2021-09-10,114,riot,1
2021-09-10,37,gnql,21
2021-09-10,31,gnql,7
2021-09-10,31,riot,2
2021-09-10,15,gnql,40
2021-09-10,28,gnql,5
2021-09-10,28,riot,3
2021-09-10,16,gnql,2
2021-09-10,16,riot,2
2021-09-10,50,gnql,13
2021-09-10,50,riot,2
2021-09-10,79,gnql,4
2021-09-10,79,riot,1
2021-09-10,80,gnql,5
2021-09-10,80,riot,2
2021-09-10,66,gnql,27
2021-09-10,66,riot,8
2021-09-10,101,gnql,2
2021-09-10,94,gnql,3
2021-09-10,94,riot,1
2021-09-11,0,gnql,144
2021-09-11,25,gnql,3
2021-09-11,4,context,574833
2021-09-11,64,gnql,7
2021-09-11,64,riot,6
2021-09-11,6,context,161
2021-09-11,47,gnql,5
2021-09-11,47,riot,2
2021-09-11,48,gnql,28
2021-09-11,49,gnql,18
2021-09-11,49,riot,4
2021-09-11,31,gnql,10
2021-09-11,31,riot,2
2021-09-11,67,gnql,1
2021-09-11,67,riot,1
2021-09-12,0,gnql,144
2021-09-12,25,gnql,3
2021-09-12,25,riot,1
2021-09-12,4,context,500791
2021-09-12,64,gnql,2
2021-09-12,64,riot,2
2021-09-12,115,gnql,1
2021-09-12,6,context,170
2021-09-12,49,gnql,9
2021-09-12,49,riot,6
2021-09-12,29,gnql,2
2021-09-12,29,riot,2
2021-09-12,72,gnql,1
2021-09-12,52,gnql,9
2021-09-12,52,riot,3
2021-09-12,67,gnql,39
2021-09-12,67,riot,14
2021-09-13,111,gnql,72
2021-09-13,111,riot,1
2021-09-13,0,gnql,144
2021-09-13,110,context,1
2021-09-13,110,gnql,5
2021-09-13,110,riot,3
2021-09-13,4,context,523589
2021-09-13,64,gnql,3
2021-09-13,64,riot,1
2021-09-13,6,context,337
2021-09-13,7,gnql,1
2021-09-13,29,gnql,27
2021-09-13,29,riot,9
2021-09-13,76,gnql,2
2021-09-13,72,gnql,2
2021-09-13,116,gnql,11
2021-09-13,116,riot,4
2021-09-13,52,gnql,2
2021-09-13,52,riot,1
2021-09-13,15,gnql,59
2021-09-13,15,riot,11
2021-09-13,28,gnql,2
2021-09-13,28,riot,1
2021-09-13,50,analysis,46
2021-09-13,50,gnql,3
2021-09-13,79,gnql,7
2021-09-13,79,riot,1
2021-09-13,80,gnql,4
2021-09-13,117,gnql,2
2021-09-13,117,riot,1
2021-09-13,118,gnql,5
2021-09-13,118,riot,1
2021-09-13,66,gnql,18
2021-09-13,66,riot,5
2021-09-13,51,gnql,10
2021-09-13,44,context,1
2021-09-13,44,noise_quick,1
2021-09-13,44,riot,1
2021-09-14,111,gnql,9
2021-09-14,111,riot,1
2021-09-14,0,gnql,144
2021-09-14,4,context,523067
2021-09-14,64,gnql,2
2021-09-14,64,riot,1
2021-09-14,97,gnql,13
2021-09-14,97,riot,4
2021-09-14,6,context,223
2021-09-14,6,gnql,5
2021-09-14,6,riot,2
2021-09-14,87,gnql,1
2021-09-14,7,gnql,3
2021-09-14,75,gnql,6
2021-09-14,75,riot,1
2021-09-14,71,analysis,127
2021-09-14,71,gnql,3
2021-09-14,71,riot,1
2021-09-14,29,gnql,17
2021-09-14,29,riot,6
2021-09-14,72,gnql,1
2021-09-14,88,gnql,4
2021-09-14,88,riot,1
2021-09-14,119,gnql,2
2021-09-14,119,riot,1
2021-09-14,37,gnql,25
2021-09-14,37,riot,1
2021-09-14,120,gnql,4
2021-09-14,120,riot,1
2021-09-14,15,gnql,98
2021-09-14,15,riot,6
2021-09-14,16,gnql,6
2021-09-14,16,riot,1
2021-09-14,77,gnql,2
2021-09-14,91,gnql,23
2021-09-14,91,riot,6
2021-09-14,50,analysis,48
2021-09-14,50,gnql,8
2021-09-14,50,riot,2
2021-09-14,68,gnql,21
2021-09-14,68,riot,1
2021-09-14,80,gnql,4
2021-09-14,80,riot,1
2021-09-14,117,gnql,25
2021-09-14,117,riot,7
2021-09-14,118,gnql,10
2021-09-14,118,riot,1
2021-09-14,121,gnql,4
2021-09-14,121,riot,1
2021-09-14,122,gnql,3
2021-09-14,122,riot,1
2021-09-14,123,gnql,3
2021-09-14,123,riot,1
2021-09-14,101,gnql,1
2021-09-14,44,noise_quick,6
2021-09-15,0,gnql,144
2021-09-15,106,analysis,2
2021-09-15,4,context,542408
2021-09-15,5,gnql,18
2021-09-15,5,noise_quick,2
2021-09-15,64,gnql,2
2021-09-15,64,riot,1
2021-09-15,124,gnql,14
2021-09-15,124,riot,5
2021-09-15,6,context,265
2021-09-15,92,gnql,8
2021-09-15,87,gnql,1
2021-09-15,7,gnql,7
2021-09-15,47,gnql,3
2021-09-15,47,riot,1
2021-09-15,11,gnql,1
2021-09-15,71,analysis,5029
2021-09-15,71,context,4
2021-09-15,29,gnql,2
2021-09-15,29,riot,1
2021-09-15,72,gnql,1
2021-09-15,72,riot,1
2021-09-15,52,gnql,12
2021-09-15,52,riot,1
2021-09-15,31,gnql,2
2021-09-15,31,riot,1
2021-09-15,15,gnql,47
2021-09-15,15,riot,1
2021-09-15,50,analysis,43
2021-09-15,50,gnql,3
2021-09-15,68,gnql,10
2021-09-15,68,riot,2
2021-09-15,79,gnql,6
2021-09-15,80,gnql,5
2021-09-15,80,riot,1
2021-09-15,107,gnql,9
2021-09-15,117,gnql,19
2021-09-15,117,riot,2
2021-09-15,125,gnql,13
2021-09-15,125,riot,4
2021-09-15,126,gnql,57
2021-09-15,127,gnql,8
2021-09-15,94,gnql,3
2021-09-15,94,riot,1
2021-09-15,43,context,1
2021-09-15,43,riot,1
2021-09-15,128,gnql,2
2021-09-15,128,riot,1
2021-09-16,111,gnql,3
2021-09-16,111,riot,1
2021-09-16,0,gnql,144
2021-09-16,4,context,501490
2021-09-16,64,gnql,3
2021-09-16,64,riot,1
2021-09-16,6,context,283
2021-09-16,92,gnql,2
2021-09-16,78,gnql,4
2021-09-16,78,riot,1
2021-09-16,47,gnql,11
2021-09-16,47,riot,2
2021-09-16,75,gnql,14
2021-09-16,75,riot,3
2021-09-16,10,gnql,10
2021-09-16,10,riot,3
2021-09-16,71,analysis,5027
2021-09-16,120,gnql,3
2021-09-16,52,gnql,8
2021-09-16,52,riot,2
2021-09-16,31,gnql,6
2021-09-16,31,riot,3
2021-09-16,129,context,1
2021-09-16,129,riot,1
2021-09-16,15,gnql,147
2021-09-16,15,riot,5
2021-09-16,77,gnql,5
2021-09-16,77,riot,1
2021-09-16,50,gnql,4
2021-09-16,50,riot,1
2021-09-16,68,gnql,9
2021-09-16,68,riot,1
2021-09-16,80,gnql,29
2021-09-16,80,riot,4
2021-09-16,102,gnql,5
2021-09-16,102,riot,2
2021-09-16,108,gnql,11
2021-09-16,108,riot,4
2021-09-16,117,riot,1
2021-09-16,118,gnql,3
2021-09-16,121,gnql,28
2021-09-16,121,riot,5
2021-09-16,122,gnql,29
2021-09-16,122,riot,3
2021-09-16,123,gnql,28
2021-09-16,123,riot,5
2021-09-16,126,gnql,9
2021-09-16,126,riot,1
2021-09-16,130,gnql,7
2021-09-16,130,riot,1
2021-09-16,131,gnql,43
2021-09-16,132,gnql,3
2021-09-16,132,riot,1
2021-09-16,66,gnql,52
2021-09-16,66,riot,17
2021-09-16,133,gnql,5
2021-09-16,133,riot,2
2021-09-16,51,analysis,1305
2021-09-17,45,gnql,5
2021-09-17,111,gnql,6
2021-09-17,0,gnql,144
2021-09-17,46,gnql,24
2021-09-17,46,riot,1
2021-09-17,4,context,556174
2021-09-17,64,gnql,9
2021-09-17,64,riot,2
2021-09-17,6,context,234
2021-09-17,92,gnql,9
2021-09-17,78,gnql,2
2021-09-17,87,gnql,1
2021-09-17,47,gnql,16
2021-09-17,47,riot,5
2021-09-17,63,analysis,11
2021-09-17,75,gnql,1
2021-09-17,71,analysis,6
2021-09-17,72,gnql,3
2021-09-17,72,riot,2
2021-09-17,27,gnql,14
2021-09-17,27,riot,3
2021-09-17,38,context,1
2021-09-17,38,riot,1
2021-09-17,120,gnql,4
2021-09-17,52,gnql,10
2021-09-17,52,riot,4
2021-09-17,31,gnql,12
2021-09-17,31,riot,4
2021-09-17,67,gnql,1
2021-09-17,67,riot,2
2021-09-17,15,gnql,45
2021-09-17,77,gnql,3
2021-09-17,77,riot,3
2021-09-17,50,gnql,3
2021-09-17,50,riot,1
2021-09-17,80,gnql,9
2021-09-17,80,riot,1
2021-09-17,118,gnql,7
2021-09-17,118,riot,1
2021-09-17,121,gnql,2
2021-09-17,121,riot,1
2021-09-17,123,gnql,2
2021-09-17,123,riot,1
2021-09-17,130,gnql,2
2021-09-17,132,gnql,3
2021-09-17,132,riot,2
2021-09-17,134,gnql,5
2021-09-17,134,riot,2
2021-09-17,135,gnql,41
2021-09-17,135,riot,3
2021-09-17,136,gnql,9
2021-09-17,136,riot,3
2021-09-17,133,gnql,19
2021-09-17,133,riot,5
2021-09-17,101,gnql,3
2021-09-18,0,gnql,144
2021-09-18,4,context,557083
2021-09-18,64,gnql,2
2021-09-18,64,riot,1
2021-09-18,6,context,267
2021-09-18,63,analysis,12
2021-09-18,63,gnql,3
2021-09-18,84,gnql,3
2021-09-18,84,riot,1
2021-09-18,15,gnql,3
2021-09-18,15,riot,1
2021-09-18,28,gnql,1
2021-09-18,28,riot,4
2021-09-18,77,gnql,7
2021-09-18,77,riot,1
2021-09-18,17,context,1
2021-09-18,118,gnql,2
2021-09-18,130,gnql,4
2021-09-18,132,gnql,13
2021-09-18,132,riot,6
2021-09-18,133,gnql,25
2021-09-18,133,riot,6
2021-09-19,0,gnql,144
2021-09-19,4,context,522266
2021-09-19,6,context,114
2021-09-19,7,gnql,2
2021-09-19,10,gnql,11
2021-09-19,10,riot,4
2021-09-19,71,analysis,7
2021-09-19,29,gnql,16
2021-09-19,29,riot,6
2021-09-19,137,gnql,4
2021-09-19,137,riot,1
2021-09-19,67,gnql,12
2021-09-19,67,riot,3
2021-09-19,80,gnql,7
2021-09-19,138,analysis,2
2021-09-19,138,gnql,23
2021-09-19,133,gnql,22
2021-09-19,133,riot,7
2021-09-20,0,gnql,144
2021-09-20,25,gnql,24
2021-09-20,25,riot,2
2021-09-20,4,context,524122
2021-09-20,6,context,305
2021-09-20,92,gnql,4
2021-09-20,78,analysis,18
2021-09-20,78,gnql,3
2021-09-20,87,gnql,2
2021-09-20,7,gnql,1
2021-09-20,10,gnql,4
2021-09-20,10,riot,1
2021-09-20,11,gnql,2
2021-09-20,71,analysis,598
2021-09-20,71,gnql,24
2021-09-20,71,riot,7
2021-09-20,29,gnql,18
2021-09-20,29,riot,6
2021-09-20,72,gnql,2
2021-09-20,27,gnql,3
2021-09-20,27,riot,1
2021-09-20,37,gnql,72
2021-09-20,31,gnql,3
2021-09-20,31,riot,1
2021-09-20,15,gnql,59
2021-09-20,102,gnql,5
2021-09-20,121,gnql,9
2021-09-20,121,riot,3
2021-09-20,123,gnql,17
2021-09-20,125,gnql,6
2021-09-20,125,riot,2
2021-09-20,126,gnql,7
2021-09-20,135,gnql,17
2021-09-20,135,riot,6
2021-09-21,0,gnql,144
2021-09-21,110,gnql,2
2021-09-21,4,context,433874
2021-09-21,64,gnql,8
2021-09-21,6,context,234
2021-09-21,47,gnql,3
2021-09-21,47,riot,1
2021-09-21,112,context,20
2021-09-21,112,gnql,1
2021-09-21,71,analysis,439
2021-09-21,29,gnql,16
2021-09-21,29,riot,6
2021-09-21,72,gnql,4
2021-09-21,72,riot,1
2021-09-21,52,gnql,14
2021-09-21,52,riot,5
2021-09-21,31,gnql,10
2021-09-21,31,riot,2
2021-09-21,15,gnql,42
2021-09-21,15,riot,2
2021-09-21,28,gnql,5
2021-09-21,28,riot,2
2021-09-21,50,context,9
2021-09-21,50,noise_quick,14
2021-09-21,50,riot,9
2021-09-21,68,analysis,9
2021-09-21,68,gnql,3
2021-09-21,79,gnql,11
2021-09-21,80,gnql,6
2021-09-21,102,gnql,16
2021-09-21,113,riot,1
2021-09-21,117,gnql,3
2021-09-21,117,riot,1
2021-09-21,123,gnql,3
2021-09-21,123,riot,1
2021-09-21,130,gnql,2
2021-09-21,135,gnql,5
2021-09-21,135,riot,1
2021-09-21,109,gnql,4
2021-09-21,109,riot,1
2021-09-21,43,context,1
2021-09-21,43,riot,1
2021-09-22,0,gnql,144
2021-09-22,4,context,442713
2021-09-22,64,gnql,2
2021-09-22,6,context,588
2021-09-22,92,gnql,4
2021-09-22,78,gnql,2
2021-09-22,139,context,1
2021-09-22,139,gnql,3
2021-09-22,139,noise_quick,1
2021-09-22,139,riot,1
2021-09-22,63,analysis,12
2021-09-22,71,analysis,6
2021-09-22,29,gnql,2
2021-09-22,52,gnql,2
2021-09-22,39,gnql,3
2021-09-22,15,gnql,21
2021-09-22,28,gnql,2
2021-09-22,91,gnql,2
2021-09-22,50,analysis,25
2021-09-22,50,context,80
2021-09-22,50,noise_quick,79
2021-09-22,50,riot,80
2021-09-22,68,analysis,2
2021-09-22,79,gnql,12
2021-09-22,102,gnql,6
2021-09-22,107,gnql,10
2021-09-22,123,gnql,8
2021-09-22,126,gnql,15
2021-09-22,135,gnql,14
2021-09-22,140,gnql,23
2021-09-22,51,gnql,5
2021-09-22,109,gnql,4
2021-09-22,43,context,1
2021-09-22,43,riot,1
2021-09-22,23,gnql,4
2021-09-23,0,gnql,144
2021-09-23,4,context,434749
2021-09-23,64,gnql,4
2021-09-23,6,context,345
2021-09-23,47,gnql,4
2021-09-23,81,context,2
2021-09-23,81,riot,2
2021-09-23,10,gnql,2
2021-09-23,49,gnql,2
2021-09-23,71,analysis,173
2021-09-23,76,gnql,3
2021-09-23,67,gnql,3
2021-09-23,15,gnql,9
2021-09-23,50,context,145
2021-09-23,50,noise_quick,145
2021-09-23,50,riot,145
2021-09-23,68,gnql,9
2021-09-23,79,gnql,12
2021-09-23,102,gnql,2
2021-09-23,104,gnql,6
2021-09-23,105,gnql,2
2021-09-23,107,gnql,2
2021-09-23,121,gnql,2
2021-09-23,141,gnql,38
2021-09-23,142,context,8
2021-09-23,109,gnql,26
2021-09-24,0,gnql,144
2021-09-24,4,context,423132
2021-09-24,6,context,314
2021-09-24,63,analysis,3
2021-09-24,49,gnql,3
2021-09-24,71,analysis,4
2021-09-24,31,gnql,6
2021-09-24,67,gnql,2
2021-09-24,15,gnql,38
2021-09-24,50,context,42
2021-09-24,50,noise_quick,42
2021-09-24,50,riot,42
2021-09-24,79,gnql,12
2021-09-24,130,gnql,2
2021-09-24,142,context,17
2021-09-25,0,gnql,144
2021-09-25,4,context,465914
2021-09-25,6,context,171
2021-09-25,11,gnql,2
2021-09-25,77,gnql,4
2021-09-25,50,context,2
2021-09-25,50,noise_quick,2
2021-09-25,50,riot,2
2021-09-25,79,gnql,12
2021-09-25,118,gnql,2
2021-09-26,0,gnql,144
2021-09-26,4,context,441730
2021-09-26,6,context,146
2021-09-26,50,context,11
2021-09-26,50,noise_quick,11
2021-09-26,50,riot,11
2021-09-26,79,gnql,12
2021-09-27,0,gnql,144
2021-09-27,4,context,436897
2021-09-27,5,gnql,5
2021-09-27,6,context,319
2021-09-27,29,gnql,2
2021-09-27,15,gnql,35
2021-09-27,50,context,19
2021-09-27,50,noise_quick,13
2021-09-27,50,riot,16
2021-09-27,68,gnql,2
2021-09-27,79,gnql,12
2021-09-27,121,gnql,3
2021-09-27,131,gnql,15
2021-09-27,141,gnql,2
2021-09-27,143,gnql,2
2021-09-28,0,gnql,144
2021-09-28,25,analysis,244
2021-09-28,25,gnql,10
2021-09-28,4,context,390740
2021-09-28,6,context,329
2021-09-28,78,analysis,20
2021-09-28,112,context,1
2021-09-28,112,gnql,2
2021-09-28,144,gnql,3
2021-09-28,37,gnql,12
2021-09-28,61,gnql,12
2021-09-28,15,gnql,11
2021-09-28,77,gnql,9
2021-09-28,50,context,22
2021-09-28,50,noise_quick,14
2021-09-28,50,riot,22
2021-09-28,57,gnql,12
2021-09-28,79,context,3
2021-09-28,79,gnql,25
2021-09-28,79,noise_quick,20329
2021-09-28,79,riot,8
2021-09-28,104,gnql,52
2021-09-28,108,gnql,2
2021-09-28,121,gnql,3
2021-09-28,122,gnql,2
2021-09-28,126,gnql,12
2021-09-28,142,context,1
2021-09-28,145,gnql,4
2021-09-28,145,noise_quick,3
2021-09-28,109,gnql,19
2021-09-29,0,gnql,144
2021-09-29,4,context,357767
2021-09-29,6,context,331
2021-09-29,146,analysis,2
2021-09-29,146,gnql,23
2021-09-29,81,context,2
2021-09-29,81,riot,2
2021-09-29,147,analysis,2
2021-09-29,61,gnql,138
2021-09-29,15,gnql,10
2021-09-29,50,context,10
2021-09-29,50,noise_quick,9
2021-09-29,50,riot,10
2021-09-29,79,gnql,23
2021-09-29,79,noise_quick,58550
2021-09-29,104,gnql,12
2021-09-29,121,gnql,11
2021-09-29,135,gnql,2
2021-09-29,142,context,2
2021-09-29,51,gnql,4
2021-09-29,109,gnql,5
2021-09-30,86,gnql,3
2021-09-30,0,gnql,144
2021-09-30,4,context,351127
2021-09-30,6,context,319
2021-09-30,92,gnql,6
2021-09-30,148,gnql,5
2021-09-30,81,context,1
2021-09-30,81,riot,1
2021-09-30,149,analysis,1154
2021-09-30,149,gnql,11
2021-09-30,31,gnql,3
2021-09-30,67,analysis,2
2021-09-30,67,gnql,5
2021-09-30,61,gnql,144
2021-09-30,15,gnql,153
2021-09-30,28,gnql,2
2021-09-30,74,analysis,174
2021-09-30,79,gnql,12
2021-09-30,104,analysis,464
2021-09-30,135,gnql,2
2021-09-30,66,gnql,6
2021-10-01,0,gnql,144
2021-10-01,4,context,356333
2021-10-01,6,context,308
2021-10-01,149,analysis,20
2021-10-01,10,gnql,4
2021-10-01,71,analysis,2
2021-10-01,71,gnql,2
2021-10-01,76,gnql,5
2021-10-01,73,gnql,4
2021-10-01,14,context,1
2021-10-01,61,gnql,144
2021-10-01,15,gnql,28
2021-10-01,77,gnql,5
2021-10-01,91,gnql,4
2021-10-01,50,context,1
2021-10-01,50,riot,1
2021-10-01,79,gnql,12
2021-10-01,126,gnql,40
2021-10-01,140,gnql,4
2021-10-01,19,gnql,7
2021-10-02,0,gnql,144
2021-10-02,4,context,350346
2021-10-02,6,context,137
2021-10-02,49,gnql,2
2021-10-02,84,gnql,2
2021-10-02,73,gnql,2
2021-10-02,61,gnql,144
2021-10-02,50,context,34
2021-10-02,50,noise_quick,34
2021-10-02,50,riot,34
2021-10-02,79,gnql,12
2021-10-02,19,gnql,108
2021-10-03,0,gnql,144
2021-10-03,4,context,358160
2021-10-03,6,context,145
2021-10-03,29,gnql,6
2021-10-03,61,gnql,123
2021-10-03,50,context,17
2021-10-03,50,noise_quick,17
2021-10-03,50,riot,17
2021-10-03,79,gnql,12
2021-10-04,0,gnql,144
2021-10-04,4,context,352492
2021-10-04,6,context,300
2021-10-04,6,gnql,2
2021-10-04,10,gnql,1
2021-10-04,61,gnql,144
2021-10-04,15,gnql,21
2021-10-04,16,gnql,2
2021-10-04,79,gnql,12
2021-10-04,141,gnql,2
2021-10-04,142,context,2
2021-10-04,150,context,14
2021-10-04,150,noise_quick,23
2021-10-04,150,riot,5
2021-10-04,109,gnql,2
2021-10-05,0,gnql,144
2021-10-05,4,context,404964
2021-10-05,5,analysis,12
2021-10-05,5,gnql,90
2021-10-05,32,context,1
2021-10-05,115,gnql,1
2021-10-05,6,context,273
2021-10-05,6,gnql,2
2021-10-05,63,gnql,6
2021-10-05,149,analysis,2
2021-10-05,9,context,1
2021-10-05,9,riot,1
2021-10-05,151,gnql,2
2021-10-05,67,gnql,3
2021-10-05,61,gnql,96
2021-10-05,15,gnql,25
2021-10-05,50,context,10
2021-10-05,50,noise_quick,10
2021-10-05,50,riot,10
2021-10-05,79,gnql,12
2021-10-05,122,gnql,2
2021-10-05,141,gnql,2
2021-10-05,150,context,6
2021-10-05,150,noise_quick,8
2021-10-05,150,riot,2
2021-10-05,152,context,1
2021-10-05,152,riot,1
2021-10-06,0,gnql,144
2021-10-06,4,context,374047
2021-10-06,6,context,395
2021-10-06,114,gnql,3
2021-10-06,14,gnql,3
2021-10-06,61,gnql,144
2021-10-06,15,gnql,53
2021-10-06,50,context,10
2021-10-06,50,noise_quick,10
2021-10-06,50,riot,10
2021-10-06,79,gnql,16
2021-10-06,104,gnql,4
2021-10-06,122,gnql,2
2021-10-06,126,gnql,17
2021-10-06,141,gnql,1
2021-10-06,142,context,4
2021-10-06,150,context,1
2021-10-06,150,noise_quick,1
2021-10-06,66,gnql,9
2021-10-06,153,gnql,82
2021-10-06,51,gnql,53
2021-10-06,94,gnql,7
2021-10-06,154,gnql,2
2021-10-07,155,gnql,7
2021-10-07,111,gnql,2
2021-10-07,0,gnql,144
2021-10-07,110,context,1
2021-10-07,110,riot,1
2021-10-07,4,context,313444
2021-10-07,156,gnql,2
2021-10-07,6,context,362
2021-10-07,93,gnql,4
2021-10-07,157,analysis,153
2021-10-07,81,context,1
2021-10-07,81,riot,1
2021-10-07,112,context,42
2021-10-07,112,gnql,42
2021-10-07,112,riot,11
2021-10-07,9,context,1
2021-10-07,9,riot,1
2021-10-07,10,gnql,1
2021-10-07,158,gnql,4
2021-10-07,98,gnql,6
2021-10-07,61,gnql,147
2021-10-07,15,gnql,16
2021-10-07,16,gnql,3
2021-10-07,17,gnql,7
2021-10-07,74,analysis,12
2021-10-07,50,context,9
2021-10-07,50,noise_quick,9
2021-10-07,50,riot,9
2021-10-07,79,gnql,12
2021-10-07,105,gnql,5
2021-10-07,121,gnql,2
2021-10-07,136,gnql,4
2021-10-07,142,context,1
2021-10-07,150,context,1
2021-10-07,150,noise_quick,2
2021-10-07,159,gnql,98
2021-10-07,160,gnql,4
2021-10-07,66,gnql,5
2021-10-07,153,gnql,17
2021-10-07,51,analysis,1305
2021-10-07,62,gnql,2
2021-10-07,161,gnql,2
2021-10-08,45,gnql,6
2021-10-08,111,gnql,4
2021-10-08,0,gnql,144
2021-10-08,162,gnql,10
2021-10-08,110,context,6
2021-10-08,110,riot,6
2021-10-08,4,context,328058
2021-10-08,5,gnql,3
2021-10-08,163,gnql,18
2021-10-08,6,context,487
2021-10-08,6,gnql,2
2021-10-08,92,gnql,10
2021-10-08,49,gnql,2
2021-10-08,76,gnql,4
2021-10-08,37,gnql,4
2021-10-08,164,gnql,34
2021-10-08,61,gnql,144
2021-10-08,15,gnql,10
2021-10-08,16,gnql,2
2021-10-08,50,context,10
2021-10-08,50,noise_quick,10
2021-10-08,50,riot,10
2021-10-08,65,gnql,4
2021-10-08,79,gnql,14
2021-10-08,104,gnql,2
2021-10-08,121,gnql,3
2021-10-08,141,gnql,4
2021-10-08,150,context,1
2021-10-08,150,noise_quick,1
2021-10-08,165,analysis,97501
2021-10-08,165,gnql,21
2021-10-08,153,gnql,2
2021-10-08,166,gnql,3
2021-10-08,19,gnql,33
2021-10-09,0,gnql,144
2021-10-09,4,context,301648
2021-10-09,6,context,193
2021-10-09,47,gnql,2
2021-10-09,67,gnql,8
2021-10-09,61,gnql,144
2021-10-09,50,context,9
2021-10-09,50,noise_quick,9
2021-10-09,50,riot,9
2021-10-09,79,gnql,12
2021-10-09,117,gnql,4
2021-10-09,141,gnql,6
2021-10-09,19,gnql,21
2021-10-10,0,gnql,144
2021-10-10,4,context,328560
2021-10-10,6,context,154
2021-10-10,149,analysis,107
2021-10-10,61,gnql,42
2021-10-10,50,context,3
2021-10-10,50,noise_quick,3
2021-10-10,50,riot,3
2021-10-10,79,gnql,12
2021-10-10,133,gnql,2
2021-10-10,19,gnql,5
2021-10-11,0,gnql,144
2021-10-11,167,gnql,9
2021-10-11,4,context,309613
2021-10-11,6,context,1783
2021-10-11,92,gnql,2
2021-10-11,81,context,1
2021-10-11,81,riot,1
2021-10-11,112,context,6
2021-10-11,112,riot,1
2021-10-11,10,gnql,5
2021-10-11,76,gnql,6
2021-10-11,137,gnql,2
2021-10-11,91,gnql,11
2021-10-11,50,context,5
2021-10-11,50,noise_quick,5
2021-10-11,50,riot,5
2021-10-11,79,gnql,14
2021-10-11,79,noise_quick,36743
2021-10-11,131,gnql,15
2021-10-11,136,gnql,12
2021-10-11,150,noise_quick,1
2021-10-11,152,context,3
2021-10-11,152,riot,3
2021-10-11,165,analysis,101
2021-10-11,66,gnql,3
2021-10-12,168,gnql,7
2021-10-12,0,gnql,144
2021-10-12,4,context,307258
2021-10-12,6,analysis,6
2021-10-12,6,context,777
2021-10-12,6,gnql,2
2021-10-12,92,gnql,4
2021-10-12,49,gnql,2
2021-10-12,50,context,11
2021-10-12,50,noise_quick,11
2021-10-12,50,riot,11
2021-10-12,79,gnql,9
2021-10-12,105,gnql,4
2021-10-12,107,gnql,11
2021-10-12,131,gnql,19
2021-10-12,142,context,2
2021-10-12,150,analysis,4
2021-10-12,165,analysis,169
2021-10-12,169,analysis,2
2021-10-12,169,gnql,2
2021-10-12,51,analysis,1305
2021-10-12,23,gnql,2
2021-10-13,0,gnql,144
2021-10-13,167,context,2
2021-10-13,167,riot,1
2021-10-13,4,context,211998
2021-10-13,97,analysis,82
2021-10-13,97,gnql,11
2021-10-13,6,context,513
2021-10-13,81,context,4
2021-10-13,81,riot,4
2021-10-13,170,gnql,18
2021-10-13,37,gnql,86
2021-10-13,50,context,16
2021-10-13,50,noise_quick,16
2021-10-13,50,riot,16
2021-10-13,79,gnql,14
2021-10-13,104,gnql,4
2021-10-13,135,gnql,2
2021-10-13,142,context,3
2021-10-13,150,analysis,4
2021-10-13,150,gnql,2
2021-10-13,165,analysis,164
2021-10-13,169,gnql,11
2021-10-13,51,gnql,11
2021-10-14,0,gnql,144
2021-10-14,110,context,1
2021-10-14,110,gnql,3
2021-10-14,110,riot,1
2021-10-14,4,context,91184
2021-10-14,6,context,347
2021-10-14,112,context,5
2021-10-14,171,gnql,2
2021-10-14,15,gnql,17
2021-10-14,50,context,9
2021-10-14,50,noise_quick,9
2021-10-14,50,riot,9
2021-10-14,79,gnql,16
2021-10-14,121,gnql,2
2021-10-14,126,gnql,8
2021-10-14,131,context,1
2021-10-14,131,gnql,61
2021-10-14,150,noise_quick,1
2021-10-14,152,context,1
2021-10-14,152,riot,1
2021-10-14,165,analysis,84
2021-10-14,169,gnql,4
2021-10-14,172,gnql,8
2021-10-15,173,gnql,19
2021-10-15,0,gnql,144
2021-10-15,4,context,84038
2021-10-15,6,context,278
2021-10-15,47,gnql,3
2021-10-15,81,context,1
2021-10-15,81,riot,1
2021-10-15,76,gnql,2
2021-10-15,37,gnql,51
2021-10-15,15,gnql,6
2021-10-15,50,context,11
2021-10-15,50,noise_quick,11
2021-10-15,50,riot,11
2021-10-15,79,gnql,12
2021-10-15,79,noise_quick,3435
2021-10-15,104,gnql,3
2021-10-15,105,gnql,3
2021-10-15,142,context,1
2021-10-15,150,noise_quick,1
2021-10-15,133,gnql,4
2021-10-15,83,gnql,6
2021-10-15,174,gnql,8
2021-10-16,0,gnql,144
2021-10-16,4,context,74484
2021-10-16,6,context,161
2021-10-16,50,context,14
2021-10-16,50,noise_quick,14
2021-10-16,50,riot,14
2021-10-16,79,gnql,12
2021-10-16,175,gnql,4
2021-10-16,133,gnql,2
2021-10-16,19,gnql,11
2021-10-17,0,gnql,144
2021-10-17,4,context,56947
2021-10-17,6,context,209
2021-10-17,81,context,2
2021-10-17,81,riot,2
2021-10-17,112,context,4
2021-10-17,37,gnql,10
2021-10-17,67,gnql,3
2021-10-17,50,context,4
2021-10-17,50,noise_quick,4
2021-10-17,50,riot,4
2021-10-17,79,gnql,12
2021-10-17,79,noise_quick,38158
2021-10-17,176,gnql,10
2021-10-17,133,gnql,3
2021-10-17,19,gnql,10
2021-10-17,161,gnql,2
2021-10-18,0,gnql,144
2021-10-18,110,context,1
2021-10-18,110,riot,1
2021-10-18,4,context,85270
2021-10-18,6,context,416
2021-10-18,10,gnql,3
2021-10-18,71,analysis,252
2021-10-18,37,gnql,6
2021-10-18,15,gnql,21
2021-10-18,50,context,8
2021-10-18,50,noise_quick,8
2021-10-18,50,riot,8
2021-10-18,79,gnql,12
2021-10-18,79,noise_quick,64107
2021-10-18,135,gnql,6
2021-10-18,165,analysis,470
2021-10-18,165,gnql,2
2021-10-18,176,gnql,4
2021-10-18,177,gnql,16
2021-10-19,0,gnql,144
2021-10-19,4,context,85219
2021-10-19,178,gnql,2
2021-10-19,115,gnql,2
2021-10-19,6,context,541
2021-10-19,92,gnql,25
2021-10-19,63,analysis,18
2021-10-19,37,gnql,10
2021-10-19,15,gnql,11
2021-10-19,50,context,14
2021-10-19,50,noise_quick,14
2021-10-19,50,riot,14
2021-10-19,79,gnql,12
2021-10-19,79,noise_quick,40756
2021-10-19,104,gnql,11
2021-10-19,107,gnql,13
2021-10-19,141,gnql,11
2021-10-19,142,context,1
2021-10-19,150,analysis,1035
2021-10-19,165,analysis,94
2021-10-19,172,gnql,13
2021-10-19,43,context,1
2021-10-19,43,riot,1
2021-10-20,0,gnql,144
2021-10-20,4,context,82603
2021-10-20,115,gnql,1
2021-10-20,6,context,610
2021-10-20,63,analysis,4
2021-10-20,179,gnql,3
2021-10-20,37,gnql,4
2021-10-20,15,gnql,14
2021-10-20,91,gnql,4
2021-10-20,50,context,18
2021-10-20,50,noise_quick,18
2021-10-20,50,riot,18
2021-10-20,79,gnql,12
2021-10-20,79,noise_quick,34760
2021-10-20,142,context,4
2021-10-20,150,analysis,120
2021-10-20,150,noise_quick,2
2021-10-20,165,analysis,125
2021-10-20,172,context,1
2021-10-20,172,gnql,15
2021-10-20,172,noise_quick,3
2021-10-20,172,riot,1
2021-10-20,180,analysis,9554
2021-10-20,180,gnql,6
2021-10-20,42,context,1
2021-10-21,181,gnql,4
2021-10-21,0,gnql,145
2021-10-21,4,context,61467
2021-10-21,6,context,346
2021-10-21,47,gnql,2
2021-10-21,182,context,4992
2021-10-21,182,riot,4994
2021-10-21,8,gnql,5
2021-10-21,48,gnql,2
2021-10-21,119,gnql,5
2021-10-21,37,gnql,127
2021-10-21,15,gnql,40
2021-10-21,50,context,8
2021-10-21,50,noise_quick,8
2021-10-21,50,riot,8
2021-10-21,79,gnql,12
2021-10-21,79,noise_quick,31835
2021-10-21,104,gnql,6
2021-10-21,107,gnql,8
2021-10-21,141,gnql,12
2021-10-21,142,context,3
2021-10-21,150,context,1
2021-10-21,150,noise_quick,2
2021-10-21,152,context,2
2021-10-21,152,riot,2
2021-10-21,183,gnql,13
2021-10-21,153,gnql,34
2021-10-22,0,gnql,144
2021-10-22,110,context,1
2021-10-22,110,riot,1
2021-10-22,4,context,82915
2021-10-22,6,context,270
2021-10-22,182,context,3954
2021-10-22,182,riot,3948
2021-10-22,10,gnql,3
2021-10-22,73,gnql,3
2021-10-22,37,gnql,2
2021-10-22,184,gnql,3
2021-10-22,61,gnql,8
2021-10-22,15,gnql,14
2021-10-22,91,gnql,2
2021-10-22,50,context,18
2021-10-22,50,noise_quick,18
2021-10-22,50,riot,18
2021-10-22,79,gnql,12
2021-10-22,79,noise_quick,72773
2021-10-22,150,context,1
2021-10-22,150,noise_quick,1
2021-10-22,172,gnql,1
2021-10-22,180,analysis,6370
2021-10-22,180,gnql,3
2021-10-22,153,gnql,3
2021-10-22,51,analysis,2610
2021-10-22,19,gnql,2
2021-10-23,0,gnql,144
2021-10-23,185,gnql,7
2021-10-23,4,context,63956
2021-10-23,6,context,145
2021-10-23,47,gnql,2
2021-10-23,182,context,3995
2021-10-23,182,riot,4003
2021-10-23,79,gnql,12
2021-10-23,79,noise_quick,38310
2021-10-23,180,analysis,106
2021-10-23,133,gnql,7
2021-10-24,0,gnql,144
2021-10-24,4,context,83196
2021-10-24,6,context,176
2021-10-24,182,context,3439
2021-10-24,182,riot,3436
2021-10-24,79,gnql,12
2021-10-24,79,noise_quick,23108
2021-10-24,113,gnql,2
2021-10-24,19,gnql,6
2021-10-25,186,gnql,18
2021-10-25,111,gnql,9
2021-10-25,0,gnql,144
2021-10-25,4,context,84703
2021-10-25,5,gnql,10
2021-10-25,115,gnql,1
2021-10-25,6,context,607
2021-10-25,87,analysis,1014
2021-10-25,182,context,4796
2021-10-25,182,riot,4793
2021-10-25,29,gnql,3
2021-10-25,73,gnql,2
2021-10-25,67,gnql,5
2021-10-25,50,gnql,3
2021-10-25,79,gnql,28
2021-10-25,79,noise_quick,24244
2021-10-25,131,gnql,3
2021-10-25,141,gnql,2
2021-10-25,142,context,2
2021-10-25,165,analysis,618
2021-10-25,165,gnql,2
2021-10-25,180,analysis,201
2021-10-25,180,gnql,3
2021-10-25,187,gnql,4
2021-10-25,188,gnql,9
2021-10-25,189,gnql,2
2021-10-25,190,gnql,30
2021-10-25,153,gnql,72
2021-10-25,191,analysis,1
2021-10-25,191,gnql,9
2021-10-25,192,gnql,4
2021-10-26,45,gnql,2
2021-10-26,0,gnql,144
2021-10-26,110,context,1
2021-10-26,110,riot,1
2021-10-26,4,context,85212
2021-10-26,6,context,372
2021-10-26,193,context,3
2021-10-26,193,riot,3
2021-10-26,182,context,4810
2021-10-26,182,riot,4813
2021-10-26,76,analysis,11
2021-10-26,76,gnql,2
2021-10-26,15,gnql,14
2021-10-26,79,gnql,14
2021-10-26,79,noise_quick,21902
2021-10-26,104,gnql,4
2021-10-26,172,analysis,6
2021-10-26,172,gnql,22
2021-10-26,180,analysis,473
2021-10-26,194,gnql,2
2021-10-26,195,gnql,72
2021-10-26,43,context,2
2021-10-26,43,riot,2
2021-10-27,45,gnql,11
2021-10-27,0,gnql,144
2021-10-27,4,context,83758
2021-10-27,32,context,1
2021-10-27,6,context,881
2021-10-27,34,gnql,3
2021-10-27,63,analysis,7
2021-10-27,182,context,4569
2021-10-27,182,riot,4569
2021-10-27,37,gnql,23
2021-10-27,15,gnql,2
2021-10-27,77,gnql,2
2021-10-27,79,gnql,16
2021-10-27,79,noise_quick,23636
2021-10-27,113,gnql,2
2021-10-27,142,context,1
2021-10-27,150,context,1
2021-10-27,150,noise_quick,1
2021-10-27,172,gnql,17
2021-10-27,180,gnql,2
2021-10-27,189,context,27
2021-10-27,189,gnql,2
2021-10-27,189,noise_quick,3
2021-10-27,195,gnql,10
2021-10-28,111,gnql,10
2021-10-28,0,gnql,144
2021-10-28,110,context,1
2021-10-28,110,riot,1
2021-10-28,4,context,84121
2021-10-28,6,context,303
2021-10-28,148,gnql,4
2021-10-28,34,gnql,2
2021-10-28,63,analysis,18
2021-10-28,182,context,4339
2021-10-28,182,riot,4339
2021-10-28,76,gnql,6
2021-10-28,137,gnql,4
2021-10-28,15,gnql,9
2021-10-28,77,gnql,3
2021-10-28,50,analysis,142
2021-10-28,79,gnql,12
2021-10-28,79,noise_quick,22904
2021-10-28,142,context,2
2021-10-28,175,gnql,2
2021-10-28,189,context,2
2021-10-28,189,gnql,2
2021-10-28,196,gnql,5
2021-10-28,197,context,5
2021-10-28,197,riot,5
2021-10-28,51,gnql,14
2021-10-28,42,context,1
2021-10-29,111,gnql,2
2021-10-29,0,gnql,144
2021-10-29,4,context,84476
2021-10-29,6,context,258
2021-10-29,137,gnql,6
2021-10-29,37,gnql,17
2021-10-29,61,gnql,15
2021-10-29,15,gnql,12
2021-10-29,91,analysis,789
2021-10-29,79,gnql,12
2021-10-29,79,noise_quick,21280
2021-10-29,131,gnql,97
2021-10-29,141,gnql,9
2021-10-29,142,context,1
2021-10-29,150,analysis,5
2021-10-29,188,gnql,57
2021-10-29,190,gnql,23
2021-10-29,196,gnql,8
2021-10-29,66,gnql,3
2021-10-29,153,gnql,3
2021-10-29,19,gnql,16
2021-10-30,0,gnql,144
2021-10-30,4,context,61073
2021-10-30,6,context,194
2021-10-30,61,gnql,141
2021-10-30,79,gnql,12
2021-10-30,79,noise_quick,32300
2021-10-31,86,gnql,3
2021-10-31,0,gnql,144
2021-10-31,4,context,77039
2021-10-31,6,context,493
2021-10-31,37,gnql,18
2021-10-31,61,gnql,147
2021-10-31,79,gnql,12
2021-10-31,79,noise_quick,19914
2021-11-01,0,gnql,144
2021-11-01,4,context,81218
2021-11-01,6,context,493
2021-11-01,37,gnql,13
2021-11-01,61,gnql,141
2021-11-01,77,gnql,2
2021-11-01,91,analysis,2
2021-11-01,74,analysis,166
2021-11-01,79,gnql,12
2021-11-01,79,noise_quick,19458
2021-11-01,142,context,2
2021-11-01,194,gnql,4
2021-11-01,51,gnql,29
2021-11-01,43,context,1
2021-11-01,43,riot,1
2021-11-02,0,gnql,144
2021-11-02,4,context,84939
2021-11-02,6,context,291
2021-11-02,8,gnql,5
2021-11-02,112,context,18
2021-11-02,198,gnql,2
2021-11-02,27,gnql,8
2021-11-02,61,gnql,111
2021-11-02,15,gnql,14
2021-11-02,91,analysis,988
2021-11-02,79,gnql,12
2021-11-02,79,noise_quick,19048
2021-11-02,80,gnql,2
2021-11-02,142,context,1
2021-11-02,196,gnql,5
2021-11-02,85,analysis,1
2021-11-02,23,gnql,2
2021-11-03,0,gnql,144
2021-11-03,4,context,71087
2021-11-03,6,context,327
2021-11-03,71,analysis,717
2021-11-03,76,analysis,6
2021-11-03,76,gnql,22
2021-11-03,137,gnql,2
2021-11-03,61,gnql,141
2021-11-03,15,gnql,10
2021-11-03,79,gnql,12
2021-11-03,79,noise_quick,18536
2021-11-03,104,analysis,21
2021-11-03,104,gnql,4
2021-11-03,135,gnql,2
2021-11-03,141,gnql,4
2021-11-03,142,context,9
2021-11-03,169,analysis,1
2021-11-03,197,context,4
2021-11-03,197,riot,4
2021-11-03,23,gnql,2
2021-11-04,173,gnql,29
2021-11-04,0,gnql,144
2021-11-04,25,gnql,7
2021-11-04,199,gnql,4
2021-11-04,4,context,84452
2021-11-04,6,context,290
2021-11-04,71,analysis,635
2021-11-04,61,gnql,111
2021-11-04,15,gnql,8
2021-11-04,79,gnql,12
2021-11-04,79,noise_quick,17360
2021-11-04,134,analysis,53
2021-11-04,141,gnql,6
2021-11-04,189,gnql,99
2021-11-04,200,gnql,3
2021-11-04,200,noise_quick,2
2021-11-04,201,gnql,4
2021-11-04,23,gnql,2
2021-11-05,0,gnql,144
2021-11-05,4,context,68259
2021-11-05,163,gnql,17
2021-11-05,6,context,288
2021-11-05,202,context,4976
2021-11-05,202,gnql,2
2021-11-05,202,noise_quick,30992
2021-11-05,202,riot,4976
2021-11-05,182,context,4998
2021-11-05,182,riot,4998
2021-11-05,203,gnql,1
2021-11-05,61,gnql,144
2021-11-05,77,gnql,4
2021-11-05,79,gnql,12
2021-11-05,79,noise_quick,17651
2021-11-05,135,analysis,359
2021-11-05,135,gnql,4
2021-11-05,150,context,2
2021-11-05,150,noise_quick,2
2021-11-05,175,gnql,2
2021-11-05,204,noise_quick,1
2021-11-05,205,gnql,4
2021-11-05,66,gnql,3
2021-11-06,0,gnql,144
2021-11-06,4,context,85216
2021-11-06,6,context,112
2021-11-06,202,context,72
2021-11-06,202,noise_quick,46079
2021-11-06,202,riot,72
2021-11-06,61,gnql,144
2021-11-06,77,gnql,2
2021-11-06,79,gnql,12
2021-11-06,79,noise_quick,23011
2021-11-06,113,gnql,3
2021-11-06,175,gnql,5
2021-11-06,176,gnql,26
2021-11-06,153,gnql,15
2021-11-06,19,gnql,5
2021-11-07,0,gnql,144
2021-11-07,4,context,84495
2021-11-07,6,context,132
2021-11-07,202,context,43
2021-11-07,202,noise_quick,44291
2021-11-07,202,riot,43
2021-11-07,61,gnql,144
2021-11-07,79,gnql,12
2021-11-07,79,noise_quick,16863
2021-11-07,176,gnql,16
2021-11-08,0,gnql,93
2021-11-08,4,context,83190
2021-11-08,6,context,296
2021-11-08,206,gnql,9
2021-11-08,202,context,4798
2021-11-08,202,gnql,2
2021-11-08,202,noise_quick,56957
2021-11-08,202,riot,4798
2021-11-08,63,analysis,12
2021-11-08,182,context,4954
2021-11-08,182,riot,4954
2021-11-08,29,gnql,2
2021-11-08,76,gnql,2
2021-11-08,61,gnql,102
2021-11-08,15,gnql,15
2021-11-08,91,analysis,920
2021-11-08,79,gnql,12
2021-11-08,79,noise_quick,19581
2021-11-08,135,analysis,252
2021-11-08,135,gnql,12
2021-11-08,169,analysis,202
2021-11-08,180,analysis,40
2021-11-08,204,context,1787
2021-11-08,204,gnql,4
2021-11-08,204,noise_quick,347
2021-11-08,204,riot,366
2021-11-08,189,gnql,2
2021-11-08,207,gnql,3
2021-11-08,197,context,3
2021-11-08,197,riot,3
2021-11-08,208,context,12
2021-11-08,208,riot,1
2021-11-08,209,gnql,2
2021-11-08,210,context,73
2021-11-08,210,riot,14
2021-11-09,211,analysis,65151
2021-11-09,4,context,79816
2021-11-09,6,context,421
2021-11-09,202,context,519
2021-11-09,202,noise_quick,57337
2021-11-09,202,riot,519
2021-11-09,34,gnql,2
2021-11-09,81,context,1
2021-11-09,81,riot,1
2021-11-09,182,context,4910
2021-11-09,182,riot,4909
2021-11-09,61,gnql,141
2021-11-09,15,gnql,30
2021-11-09,91,analysis,12
2021-11-09,91,gnql,4
2021-11-09,79,gnql,12
2021-11-09,79,noise_quick,18776
2021-11-09,142,context,2
2021-11-09,165,analysis,95
2021-11-09,204,context,488
2021-11-09,204,gnql,4
2021-11-09,204,riot,242
2021-11-09,209,gnql,6
2021-11-10,211,analysis,65151
2021-11-10,110,context,1
2021-11-10,110,riot,1
2021-11-10,4,context,57420
2021-11-10,97,gnql,2
2021-11-10,6,context,747
2021-11-10,202,context,16471
2021-11-10,202,noise_quick,50880
2021-11-10,202,riot,16471
2021-11-10,182,context,4907
2021-11-10,182,riot,4906
2021-11-10,49,gnql,3
2021-11-10,37,gnql,5
2021-11-10,61,gnql,144
2021-11-10,15,gnql,11
2021-11-10,79,context,17
2021-11-10,79,gnql,12
2021-11-10,79,noise_quick,18128
2021-11-10,212,context,2
2021-11-10,165,analysis,132
2021-11-10,165,gnql,4
2021-11-10,176,context,15
2021-11-10,176,gnql,26
2021-11-10,176,noise_quick,66
2021-11-10,176,riot,11
2021-11-10,208,context,209
2021-11-10,209,context,309
2021-11-10,209,gnql,14
2021-11-10,210,context,174
2021-11-10,210,gnql,3
2021-11-10,210,riot,18
2021-11-10,213,context,36
2021-11-10,214,gnql,23
2021-11-11,25,gnql,97
2021-11-11,215,gnql,3
2021-11-11,4,context,84729
2021-11-11,6,context,437
2021-11-11,202,context,17424
2021-11-11,202,gnql,2
2021-11-11,202,noise_quick,48991
2021-11-11,202,riot,17424
2021-11-11,182,context,2923
2021-11-11,182,riot,2924
2021-11-11,89,gnql,80
2021-11-11,15,gnql,18
2021-11-11,216,gnql,2
2021-11-11,79,gnql,14
2021-11-11,79,noise_quick,23068
2021-11-11,142,context,1
2021-11-11,165,analysis,206
2021-11-11,176,gnql,12
2021-11-11,209,context,151
2021-11-11,209,gnql,4
2021-11-11,217,gnql,18
2021-11-11,218,analysis,50
2021-11-11,218,gnql,2
2021-11-11,219,gnql,13
2021-11-12,211,gnql,3
2021-11-12,199,gnql,16
2021-11-12,110,context,2
2021-11-12,110,riot,2
2021-11-12,4,context,77643
2021-11-12,32,context,1
2021-11-12,6,context,497
2021-11-12,202,context,1096
2021-11-12,202,gnql,27
2021-11-12,202,noise_quick,53700
2021-11-12,202,riot,1096
2021-11-12,182,context,4703
2021-11-12,182,riot,4703
2021-11-12,89,gnql,2
2021-11-12,184,analysis,4
2021-11-12,15,gnql,9
2021-11-12,79,gnql,12
2021-11-12,79,noise_quick,16386
2021-11-12,176,gnql,12
2021-11-12,176,noise_quick,45
2021-11-12,208,context,12
2021-11-12,219,gnql,28
2021-11-12,220,gnql,72
2021-11-12,221,gnql,3
2021-11-12,222,analysis,4
2021-11-12,222,gnql,29
2021-11-12,223,gnql,10
2021-11-12,223,riot,1
2021-11-12,224,gnql,4
2021-11-12,225,gnql,37
2021-11-12,133,gnql,3
2021-11-12,226,gnql,21
2021-11-12,19,gnql,4
2021-11-12,95,gnql,15
2021-11-13,25,gnql,2
2021-11-13,4,context,84692
2021-11-13,6,context,223
2021-11-13,202,context,40
2021-11-13,202,noise_quick,45099
2021-11-13,202,riot,40
2021-11-13,227,analysis,2
2021-11-13,182,context,2853
2021-11-13,182,riot,2853
2021-11-13,77,gnql,2
2021-11-13,79,gnql,12
2021-11-13,79,noise_quick,15501
2021-11-13,142,context,1
2021-11-13,176,gnql,12
2021-11-13,223,gnql,23
2021-11-13,224,gnql,3
2021-11-13,228,gnql,12
2021-11-13,229,gnql,4
2021-11-13,230,context,1
2021-11-13,231,gnql,84
2021-11-13,19,gnql,3
2021-11-13,232,gnql,10
2021-11-13,233,gnql,2
2021-11-13,234,gnql,3
2021-11-13,235,gnql,8
2021-11-13,236,gnql,11
2021-11-13,237,gnql,9
2021-11-14,4,context,82839
2021-11-14,6,context,147
2021-11-14,6,gnql,2
2021-11-14,202,context,99
2021-11-14,202,noise_quick,44064
2021-11-14,202,riot,99
2021-11-14,227,gnql,2
2021-11-14,182,context,4671
2021-11-14,182,riot,4671
2021-11-14,29,gnql,2
2021-11-14,79,gnql,12
2021-11-14,79,noise_quick,14265
2021-11-14,176,gnql,12
2021-11-14,225,gnql,4
2021-11-14,238,gnql,37
2021-11-14,239,gnql,9
2021-11-14,133,gnql,3
2021-11-14,240,gnql,62
2021-11-14,19,gnql,10
2021-11-14,241,gnql,10
2021-11-15,168,gnql,51
2021-11-15,4,context,84188
2021-11-15,6,context,479
2021-11-15,202,context,10272
2021-11-15,202,gnql,2
2021-11-15,202,noise_quick,48292
2021-11-15,202,riot,10272
2021-11-15,182,context,4908
2021-11-15,182,riot,4908
2021-11-15,73,gnql,1
2021-11-15,184,analysis,4
2021-11-15,184,gnql,4
2021-11-15,15,gnql,86
2021-11-15,79,gnql,12
2021-11-15,79,noise_quick,16845
2021-11-15,141,gnql,14
2021-11-15,172,context,3
2021-11-15,172,riot,3
2021-11-15,176,gnql,38
2021-11-15,213,context,3
2021-11-15,219,analysis,42
2021-11-15,219,gnql,121
2021-11-15,219,noise_quick,4
2021-11-15,242,gnql,2
2021-11-15,243,context,1
2021-11-15,244,analysis,1
2021-11-15,244,gnql,6
2021-11-15,245,gnql,4
2021-11-15,246,gnql,4
2021-11-15,247,gnql,14
2021-11-15,248,analysis,47
2021-11-15,248,gnql,2
2021-11-15,249,context,1
2021-11-15,250,gnql,3
2021-11-15,251,analysis,2
2021-11-15,251,gnql,18
2021-11-15,240,gnql,20
2021-11-15,252,gnql,19
2021-11-15,253,gnql,7
2021-11-15,254,gnql,3
2021-11-16,106,analysis,954
2021-11-16,4,context,83733
2021-11-16,178,analysis,2
2021-11-16,178,context,36
2021-11-16,178,gnql,2
2021-11-16,178,noise_quick,50
2021-11-16,6,context,466
2021-11-16,202,context,13194
2021-11-16,202,noise_quick,35111
2021-11-16,202,riot,13194
2021-11-16,182,context,4927
2021-11-16,182,riot,4926
2021-11-16,171,analysis,258
2021-11-16,15,gnql,17
2021-11-16,79,context,11956
2021-11-16,79,gnql,16
2021-11-16,79,noise_quick,16905
2021-11-16,141,gnql,4
2021-11-16,150,context,1
2021-11-16,150,noise_quick,1
2021-11-16,176,analysis,253
2021-11-16,176,gnql,43
2021-11-16,180,gnql,4
2021-11-16,210,gnql,4
2021-11-16,217,gnql,2
2021-11-16,219,gnql,24
2021-11-16,223,gnql,30
2021-11-16,225,gnql,53
2021-11-16,255,gnql,8
2021-11-16,246,gnql,12
2021-11-16,256,gnql,20
2021-11-16,257,gnql,4
2021-11-16,258,gnql,10
2021-11-16,259,context,11
2021-11-16,259,riot,2
2021-11-16,260,gnql,32
2021-11-16,261,gnql,11
2021-11-16,262,gnql,33
2021-11-16,263,gnql,9
2021-11-16,264,context,16
2021-11-16,264,riot,29
2021-11-16,265,analysis,11
2021-11-16,265,gnql,2
2021-11-16,266,gnql,6
2021-11-16,267,analysis,6
2021-11-16,267,gnql,4
2021-11-16,268,gnql,6
2021-11-16,269,gnql,14
2021-11-16,270,gnql,9
2021-11-16,271,gnql,29
2021-11-16,272,gnql,6
2021-11-16,273,analysis,102
2021-11-16,274,analysis,2
2021-11-16,275,gnql,25
2021-11-16,276,gnql,8
2021-11-16,277,gnql,10
2021-11-16,278,gnql,4
2021-11-16,279,gnql,15
2021-11-16,280,gnql,4
2021-11-16,281,gnql,4
2021-11-16,282,gnql,14
2021-11-16,235,gnql,44
2021-11-16,283,analysis,20
2021-11-16,284,analysis,2
2021-11-16,284,gnql,17
2021-11-16,252,gnql,33
2021-11-17,168,gnql,102
2021-11-17,25,analysis,101
2021-11-17,199,gnql,2
2021-11-17,4,context,84064
2021-11-17,6,context,226
2021-11-17,6,gnql,2
2021-11-17,202,noise_quick,98
2021-11-17,182,context,4985
2021-11-17,182,riot,4985
2021-11-17,285,context,6
2021-11-17,285,noise_quick,3
2021-11-17,15,gnql,146
2021-11-17,79,gnql,12
2021-11-17,79,noise_quick,12757
2021-11-17,104,analysis,64
2021-11-17,150,context,1
2021-11-17,150,noise_quick,1
2021-11-17,176,analysis,36
2021-11-17,176,gnql,32
2021-11-17,209,analysis,29
2021-11-17,209,gnql,2
2021-11-17,219,gnql,2
2021-11-17,246,gnql,1
2021-11-17,263,gnql,8
2021-11-17,286,gnql,2
2021-11-17,287,gnql,8
2021-11-17,288,gnql,2
2021-11-17,289,analysis,13
2021-11-17,289,gnql,4
2021-11-17,290,gnql,4
2021-11-17,291,analysis,1
2021-11-17,291,context,1
2021-11-17,291,gnql,3
2021-11-17,292,gnql,8
2021-11-17,293,gnql,77
2021-11-17,294,gnql,3
2021-11-17,295,gnql,2
2021-11-17,296,analysis,2
2021-11-17,296,gnql,5
2021-11-17,297,gnql,16
2021-11-17,298,gnql,5
2021-11-17,299,gnql,18
2021-11-17,300,gnql,28
2021-11-17,301,analysis,244
2021-11-17,301,gnql,6
2021-11-17,302,analysis,1667
2021-11-17,302,gnql,20
2021-11-17,303,gnql,22
2021-11-17,304,gnql,6
2021-11-17,305,gnql,5
2021-11-18,168,gnql,26
2021-11-18,106,gnql,2
2021-11-18,4,context,84758
2021-11-18,6,context,315
2021-11-18,306,context,1
2021-11-18,63,analysis,4
2021-11-18,182,context,4974
2021-11-18,182,riot,4974
2021-11-18,285,context,1
2021-11-18,285,gnql,1
2021-11-18,15,gnql,21
2021-11-18,68,gnql,6
2021-11-18,79,gnql,12
2021-11-18,79,noise_quick,18067
2021-11-18,104,gnql,2
2021-11-18,134,analysis,7
2021-11-18,134,gnql,2
2021-11-18,141,gnql,15
2021-11-18,176,gnql,52
2021-11-18,180,analysis,594
2021-11-18,219,gnql,2
2021-11-18,219,noise_quick,37619
2021-11-18,246,gnql,16
2021-11-18,307,context,6
2021-11-18,291,context,1
2021-11-18,293,gnql,6
2021-11-18,294,gnql,4
2021-11-18,308,gnql,2
2021-11-18,309,gnql,2
2021-11-18,310,gnql,24
2021-11-18,311,gnql,9
2021-11-18,312,context,1
2021-11-18,313,gnql,4
2021-11-18,314,gnql,8
2021-11-18,315,gnql,21
2021-11-18,316,analysis,2
2021-11-18,316,gnql,30
2021-11-18,317,gnql,8
2021-11-18,318,gnql,9
2021-11-18,319,gnql,4
2021-11-18,133,gnql,7
2021-11-18,320,analysis,32
2021-11-18,321,analysis,145
2021-11-18,322,gnql,9
2021-11-18,323,gnql,6
2021-11-18,275,gnql,15
2021-11-18,324,gnql,60
2021-11-18,282,gnql,8
2021-11-18,325,gnql,28
2021-11-18,326,gnql,16
2021-11-19,327,gnql,3
2021-11-19,4,context,85065
2021-11-19,6,context,230
2021-11-19,306,context,1
2021-11-19,63,analysis,4
2021-11-19,182,context,4951
2021-11-19,182,riot,4951
2021-11-19,149,analysis,1516
2021-11-19,149,gnql,4
2021-11-19,76,analysis,4
2021-11-19,76,gnql,2
2021-11-19,89,gnql,4
2021-11-19,67,gnql,13
2021-11-19,15,gnql,10
2021-11-19,79,gnql,30
2021-11-19,79,noise_quick,16552
2021-11-19,79,riot,1357
2021-11-19,104,gnql,3
2021-11-19,150,context,1
2021-11-19,150,noise_quick,2
2021-11-19,328,gnql,2
2021-11-19,176,analysis,4
2021-11-19,176,gnql,12
2021-11-19,180,analysis,160
2021-11-19,219,noise_quick,8
2021-11-19,242,context,1
2021-11-19,270,gnql,2
2021-11-19,293,gnql,27
2021-11-19,311,gnql,21
2021-11-19,315,gnql,9
2021-11-19,329,gnql,6
2021-11-19,330,gnql,2
2021-11-19,331,gnql,4
2021-11-19,332,gnql,11
2021-11-19,333,gnql,2
2021-11-19,334,gnql,4
2021-11-19,133,gnql,22
2021-11-19,335,gnql,3
2021-11-19,336,gnql,9
2021-11-19,337,gnql,6
2021-11-19,338,analysis,2
2021-11-19,338,gnql,4
2021-11-19,85,analysis,2
2021-11-19,339,gnql,2
2021-11-19,340,gnql,2
2021-11-19,214,gnql,51
2021-11-19,284,gnql,24
2021-11-19,341,gnql,4
2021-11-19,342,gnql,4
2021-11-20,25,analysis,12517
2021-11-20,25,gnql,30
2021-11-20,4,context,85319
2021-11-20,6,context,130
2021-11-20,182,context,4998
2021-11-20,182,riot,4998
2021-11-20,149,gnql,2
2021-11-20,15,gnql,2
2021-11-20,79,gnql,12
2021-11-20,79,noise_quick,21304
2021-11-20,176,gnql,12
2021-11-20,334,gnql,38
2021-11-20,343,gnql,70
2021-11-20,344,gnql,13
2021-11-20,345,analysis,2
2021-11-20,346,gnql,109
2021-11-20,347,gnql,2
2021-11-20,348,gnql,24
2021-11-20,66,gnql,3
2021-11-20,133,gnql,3
2021-11-20,19,gnql,2
2021-11-20,339,gnql,2
2021-11-20,342,gnql,17
2021-11-21,4,context,84847
2021-11-21,6,context,389
2021-11-21,182,context,4928
2021-11-21,182,riot,4928
2021-11-21,79,gnql,12
2021-11-21,79,noise_quick,29673
2021-11-21,176,analysis,16
2021-11-21,176,gnql,69
2021-11-21,293,gnql,1
2021-11-21,345,context,2
2021-11-21,349,gnql,1
2021-11-21,350,analysis,4
2021-11-21,350,context,1
2021-11-21,350,gnql,23
2021-11-21,351,gnql,39
2021-11-21,133,gnql,3
2021-11-21,352,gnql,15
2021-11-21,353,gnql,8
2021-11-21,275,gnql,3
2021-11-21,354,analysis,2
2021-11-21,354,gnql,29
2021-11-22,168,gnql,11
2021-11-22,110,context,2
2021-11-22,110,riot,2
2021-11-22,4,context,83467
2021-11-22,115,gnql,3
2021-11-22,6,context,419
2021-11-22,34,gnql,2
2021-11-22,182,context,4989
2021-11-22,182,riot,4989
2021-11-22,29,gnql,2
2021-11-22,76,gnql,2
2021-11-22,285,riot,2
2021-11-22,15,gnql,38
2021-11-22,91,analysis,4
2021-11-22,74,analysis,68
2021-11-22,79,gnql,18
2021-11-22,79,noise_quick,18890
2021-11-22,141,gnql,4
2021-11-22,150,context,1
2021-11-22,150,noise_quick,1
2021-11-22,176,gnql,46
2021-11-22,219,noise_quick,64
2021-11-22,244,context,6
2021-11-22,262,gnql,4
2021-11-22,270,gnql,2
2021-11-22,348,gnql,21
2021-11-22,349,gnql,4
2021-11-22,350,gnql,8
2021-11-22,351,gnql,2
2021-11-22,355,gnql,3
2021-11-22,356,gnql,9
2021-11-22,357,gnql,65
2021-11-22,358,gnql,12
2021-11-22,359,gnql,89
2021-11-22,360,gnql,25
2021-11-22,361,gnql,35
2021-11-22,362,analysis,2
2021-11-22,362,gnql,3
2021-11-22,363,analysis,90
2021-11-22,364,gnql,15
2021-11-22,365,gnql,22
2021-11-22,366,gnql,18
2021-11-22,177,gnql,44
2021-11-22,367,gnql,2
2021-11-22,368,context,1
2021-11-22,369,analysis,3331
2021-11-22,369,gnql,1
2021-11-22,284,gnql,1
2021-11-22,370,gnql,10
2021-11-23,110,context,2
2021-11-23,110,riot,2
2021-11-23,4,context,84393
2021-11-23,115,context,1
2021-11-23,6,context,239
2021-11-23,182,context,4951
2021-11-23,182,riot,4951
2021-11-23,285,context,5
2021-11-23,27,gnql,2
2021-11-23,15,gnql,136
2021-11-23,79,gnql,11
2021-11-23,79,noise_quick,15140
2021-11-23,176,context,613
2021-11-23,176,gnql,270
2021-11-23,176,noise_quick,609
2021-11-23,219,gnql,6
2021-11-23,219,noise_quick,15664
2021-11-23,371,context,87
2021-11-23,246,gnql,2
2021-11-23,288,context,6
2021-11-23,288,noise_quick,7
2021-11-23,288,riot,6
2021-11-23,319,gnql,4
2021-11-23,350,gnql,6
2021-11-23,372,gnql,6
2021-11-23,373,gnql,25
2021-11-23,374,gnql,170
2021-11-23,375,gnql,61
2021-11-23,376,gnql,23
2021-11-23,377,gnql,12
2021-11-23,378,gnql,16
2021-11-23,379,gnql,19
2021-11-23,380,gnql,28
2021-11-23,381,analysis,2
2021-11-23,381,gnql,4
2021-11-23,382,gnql,13
2021-11-23,383,gnql,2
2021-11-23,384,analysis,2
2021-11-23,384,gnql,4
2021-11-23,385,gnql,4
2021-11-23,386,gnql,2
2021-11-23,66,gnql,4
2021-11-23,321,gnql,2
2021-11-23,387,gnql,25
2021-11-23,388,gnql,37
2021-11-23,389,gnql,36
2021-11-23,390,gnql,8
2021-11-23,340,gnql,2
2021-11-23,43,context,1
2021-11-23,43,riot,1
2021-11-23,367,gnql,2
2021-11-23,369,analysis,3108
2021-11-23,391,gnql,114
2021-11-23,392,gnql,17
2021-11-24,45,gnql,2
2021-11-24,4,context,84535
2021-11-24,6,context,322
2021-11-24,63,analysis,15
2021-11-24,182,context,4978
2021-11-24,182,riot,4978
2021-11-24,285,riot,2
2021-11-24,120,gnql,2
2021-11-24,129,context,3
2021-11-24,129,riot,3
2021-11-24,15,gnql,56
2021-11-24,91,analysis,1713
2021-11-24,176,context,1042
2021-11-24,176,gnql,16
2021-11-24,176,noise_quick,592
2021-11-24,267,context,3
2021-11-24,267,gnql,7
2021-11-24,270,gnql,2
2021-11-24,288,gnql,3
2021-11-24,311,gnql,26
2021-11-24,319,gnql,6
2021-11-24,373,gnql,7
2021-11-24,382,gnql,8
2021-11-24,384,analysis,2
2021-11-24,385,gnql,21
2021-11-24,393,gnql,2
2021-11-24,394,gnql,2
2021-11-24,395,gnql,16
2021-11-24,396,gnql,57
2021-11-24,397,gnql,20
2021-11-24,398,gnql,7
2021-11-24,399,context,1
2021-11-24,338,gnql,2
2021-11-24,387,gnql,8
2021-11-24,400,analysis,2
2021-11-24,400,gnql,24
2021-11-24,43,context,2
2021-11-24,43,riot,2
2021-11-24,401,gnql,44
2021-11-24,402,gnql,50
2021-11-24,369,analysis,414
2021-11-24,392,gnql,2
2021-11-24,403,gnql,2
2021-11-24,404,gnql,4
2021-11-24,405,gnql,4
2021-11-24,406,gnql,2
2021-11-25,25,analysis,3106
2021-11-25,25,gnql,20
2021-11-25,4,context,85524
2021-11-25,6,context,351
2021-11-25,182,context,4983
2021-11-25,182,riot,4977
2021-11-25,67,gnql,3
2021-11-25,105,gnql,2
2021-11-25,176,context,1515
2021-11-25,176,gnql,12
2021-11-25,176,noise_quick,397
2021-11-25,371,context,208
2021-11-25,371,gnql,4
2021-11-25,348,gnql,10
2021-11-25,407,gnql,2
2021-11-25,408,context,1
2021-11-25,396,gnql,3
2021-11-25,409,gnql,29
2021-11-25,410,analysis,2
2021-11-25,410,gnql,25
2021-11-25,411,gnql,17
2021-11-25,412,gnql,21
2021-11-25,413,gnql,2
2021-11-25,414,gnql,4
2021-11-25,415,context,1336
2021-11-25,416,gnql,4
2021-11-25,417,gnql,72
2021-11-25,418,gnql,50
2021-11-25,419,analysis,4
2021-11-25,419,context,2
2021-11-25,419,gnql,16
2021-11-25,420,gnql,2
2021-11-25,421,gnql,5
2021-11-25,422,gnql,4
2021-11-25,423,analysis,1
2021-11-25,423,gnql,18
2021-11-25,424,gnql,2
2021-11-25,425,gnql,119
2021-11-25,282,gnql,8
2021-11-25,235,gnql,3
2021-11-25,392,gnql,2
2021-11-25,426,gnql,5
2021-11-25,427,gnql,55
2021-11-26,25,gnql,2
2021-11-26,4,context,84001
2021-11-26,6,context,270
2021-11-26,182,context,5002
2021-11-26,182,riot,5008
2021-11-26,142,context,1
2021-11-26,150,context,1
2021-11-26,150,noise_quick,1
2021-11-26,176,context,1230
2021-11-26,176,gnql,12
2021-11-26,348,gnql,8
2021-11-26,350,gnql,7
2021-11-26,408,analysis,2
2021-11-26,408,gnql,18
2021-11-26,410,gnql,13
2021-11-26,415,context,1738
2021-11-26,428,gnql,17
2021-11-26,429,analysis,2
2021-11-26,430,gnql,2
2021-11-26,431,gnql,51
2021-11-26,432,analysis,2
2021-11-26,432,gnql,6
2021-11-26,433,gnql,57
2021-11-26,275,gnql,9
2021-11-26,434,analysis,5
2021-11-26,434,gnql,6
2021-11-26,425,gnql,28
2021-11-26,426,gnql,13
2021-11-27,4,context,84751
2021-11-27,6,context,114
2021-11-27,182,context,5001
2021-11-27,182,riot,5001
2021-11-27,27,gnql,4
2021-11-27,150,noise_quick,1
2021-11-27,176,context,166
2021-11-27,176,gnql,12
2021-11-27,176,noise_quick,800
2021-11-27,220,gnql,9
2021-11-27,311,gnql,5
2021-11-27,319,gnql,20
2021-11-27,350,gnql,4
2021-11-27,435,gnql,66
2021-11-27,436,gnql,4
2021-11-27,437,gnql,8
2021-11-27,438,gnql,8
2021-11-27,439,gnql,20
2021-11-27,440,gnql,4
2021-11-27,441,gnql,22
2021-11-27,442,gnql,36
2021-11-27,434,gnql,4
2021-11-27,443,gnql,2
2021-11-28,4,context,85269
2021-11-28,115,gnql,1
2021-11-28,6,context,131
2021-11-28,182,context,4956
2021-11-28,182,riot,4956
2021-11-28,150,context,1
2021-11-28,150,noise_quick,1
2021-11-28,176,analysis,19
2021-11-28,176,context,4641
2021-11-28,176,gnql,44
2021-11-28,176,noise_quick,871
2021-11-28,246,gnql,2
2021-11-28,294,gnql,2
2021-11-28,311,gnql,8
2021-11-28,350,gnql,4
2021-11-28,415,context,4
2021-11-28,444,gnql,22
2021-11-28,445,gnql,9
2021-11-28,446,gnql,269
2021-11-28,19,gnql,5
2021-11-28,447,gnql,3
2021-11-28,448,gnql,2
2021-11-29,4,context,70004
2021-11-29,6,context,331
2021-11-29,6,gnql,2
2021-11-29,92,gnql,2
2021-11-29,63,analysis,2
2021-11-29,182,context,4984
2021-11-29,182,riot,4983
2021-11-29,9,gnql,2
2021-11-29,140,gnql,2
2021-11-29,142,context,1
2021-11-29,150,context,1
2021-11-29,150,noise_quick,1
2021-11-29,176,context,708
2021-11-29,176,gnql,53
2021-11-29,176,noise_quick,568
2021-11-29,197,context,5
2021-11-29,197,riot,5
2021-11-29,210,context,1
2021-11-29,213,context,1
2021-11-29,309,gnql,12
2021-11-29,311,gnql,24
2021-11-29,408,context,1
2021-11-29,408,gnql,12
2021-11-29,415,context,25
2021-11-29,435,gnql,6
2021-11-29,436,gnql,1
2021-11-29,445,gnql,8
2021-11-29,446,gnql,8
2021-11-29,449,gnql,14
2021-11-29,450,analysis,2
2021-11-29,450,gnql,20
2021-11-29,451,gnql,12
2021-11-29,452,gnql,8
2021-11-29,453,analysis,2
2021-11-29,453,gnql,3
2021-11-29,454,gnql,7
2021-11-29,455,gnql,20
2021-11-29,456,gnql,28
2021-11-29,457,gnql,6
2021-11-29,458,gnql,14
2021-11-29,390,gnql,104
2021-11-29,448,gnql,15
2021-11-29,459,gnql,4
2021-11-29,460,gnql,2
2021-11-29,461,gnql,7
2021-11-29,284,gnql,2
2021-11-29,462,gnql,6
2021-11-29,426,gnql,11
2021-11-29,370,gnql,2
2021-11-30,86,gnql,3
2021-11-30,4,context,83995
2021-11-30,178,context,8
2021-11-30,178,noise_quick,29
2021-11-30,6,context,288
2021-11-30,6,gnql,2
2021-11-30,227,gnql,2
2021-11-30,182,context,5011
2021-11-30,182,riot,5012
2021-11-30,15,gnql,20
2021-11-30,175,gnql,3
2021-11-30,176,context,5350
2021-11-30,176,gnql,12
2021-11-30,176,noise_quick,414
2021-11-30,197,context,7
2021-11-30,197,riot,7
2021-11-30,463,gnql,5
2021-11-30,350,gnql,6
2021-11-30,408,analysis,2
2021-11-30,408,gnql,6
2021-11-30,436,gnql,2
2021-11-30,450,gnql,18
2021-11-30,451,gnql,2
2021-11-30,452,gnql,7
2021-11-30,464,gnql,29
2021-11-30,465,gnql,2
2021-11-30,466,gnql,4
2021-11-30,467,context,2
2021-11-30,467,gnql,4
2021-11-30,468,gnql,8
2021-11-30,469,analysis,411
2021-11-30,469,gnql,28
2021-11-30,470,gnql,17
2021-11-30,471,gnql,4
2021-11-30,472,gnql,35
2021-11-30,473,gnql,2
2021-11-30,457,gnql,17
2021-11-30,425,gnql,21
2021-11-30,474,gnql,6
2021-11-30,392,gnql,3
2021-11-30,475,gnql,4
2021-11-30,476,gnql,14
2021-11-30,477,gnql,9
2021-11-30,462,gnql,4
2021-11-30,426,gnql,33
2021-11-30,478,gnql,19
2021-12-01,211,gnql,2
2021-12-01,479,gnql,2
2021-12-01,167,context,2
2021-12-01,167,riot,1
2021-12-01,110,context,1
2021-12-01,110,riot,1
2021-12-01,4,context,79639
2021-12-01,32,context,2
2021-12-01,6,context,310
2021-12-01,34,gnql,3
2021-12-01,182,context,4935
2021-12-01,182,riot,4935
2021-12-01,15,gnql,5
2021-12-01,142,context,2
2021-12-01,159,gnql,455
2021-12-01,176,context,4788
2021-12-01,176,gnql,12
2021-12-01,176,noise_quick,495
2021-12-01,180,gnql,3
2021-12-01,197,context,13
2021-12-01,197,riot,13
2021-12-01,225,gnql,2
2021-12-01,264,context,2
2021-12-01,264,riot,1
2021-12-01,309,analysis,2
2021-12-01,309,gnql,8
2021-12-01,348,gnql,5
2021-12-01,480,gnql,6
2021-12-01,450,gnql,10
2021-12-01,481,gnql,4
2021-12-01,464,gnql,8
2021-12-01,469,gnql,23
2021-12-01,482,gnql,6
2021-12-01,483,gnql,23
2021-12-01,484,gnql,16
2021-12-01,485,context,4
2021-12-01,485,riot,1
2021-12-01,486,gnql,43
2021-12-01,487,gnql,35
2021-12-01,488,gnql,178
2021-12-01,489,gnql,6
2021-12-01,490,gnql,5
2021-12-01,491,gnql,6
2021-12-01,492,gnql,2
2021-12-01,493,gnql,2
2021-12-01,494,context,1
2021-12-01,495,gnql,17
2021-12-01,496,gnql,73
2021-12-01,497,gnql,7
2021-12-01,498,gnql,12
2021-12-01,499,gnql,11
2021-12-01,500,gnql,28
2021-12-01,501,gnql,4
2021-12-01,502,context,6
2021-12-01,502,riot,1
2021-12-01,390,gnql,2
2021-12-01,503,gnql,6
2021-12-01,504,gnql,10
2021-12-01,392,gnql,2
2021-12-01,462,gnql,14
2021-12-01,426,gnql,4
2021-12-01,478,gnql,3
2021-12-02,25,analysis,188
2021-12-02,25,gnql,4
2021-12-02,505,gnql,3
2021-12-02,4,context,80341
2021-12-02,6,context,1413
2021-12-02,182,context,9
2021-12-02,182,riot,9
2021-12-02,9,gnql,2
2021-12-02,15,gnql,19
2021-12-02,135,analysis,2
2021-12-02,135,gnql,5
2021-12-02,176,context,5703
2021-12-02,176,gnql,269
2021-12-02,176,noise_quick,814
2021-12-02,309,gnql,9
2021-12-02,311,gnql,22
2021-12-02,444,gnql,1
2021-12-02,450,analysis,4
2021-12-02,450,gnql,37
2021-12-02,467,gnql,36
2021-12-02,469,gnql,19
2021-12-02,482,gnql,12
2021-12-02,488,gnql,43
2021-12-02,506,gnql,4
2021-12-02,507,analysis,2
2021-12-02,507,gnql,27
2021-12-02,508,analysis,1
2021-12-02,508,gnql,46
2021-12-02,509,gnql,8
2021-12-02,510,gnql,4
2021-12-02,511,gnql,11
2021-12-02,512,analysis,2
2021-12-02,513,gnql,23
2021-12-02,514,gnql,4
2021-12-02,515,gnql,171
2021-12-02,516,gnql,2
2021-12-02,517,gnql,16
2021-12-02,518,gnql,24
2021-12-02,430,gnql,2
2021-12-02,282,gnql,30
2021-12-02,503,gnql,2
2021-12-02,392,gnql,3
2021-12-02,462,gnql,3
2021-12-03,519,analysis,2075
2021-12-03,4,context,80570
2021-12-03,178,context,2
2021-12-03,178,noise_quick,5
2021-12-03,6,context,274
2021-12-03,6,gnql,2
2021-12-03,92,gnql,6
2021-12-03,182,context,9
2021-12-03,15,gnql,7
2021-12-03,91,analysis,9
2021-12-03,176,analysis,170
2021-12-03,176,context,5314
2021-12-03,176,gnql,19
2021-12-03,176,noise_quick,746
2021-12-03,371,context,36
2021-12-03,309,gnql,5
2021-12-03,311,gnql,8
2021-12-03,520,context,3
2021-12-03,464,gnql,3
2021-12-03,469,gnql,4
2021-12-03,507,gnql,43
2021-12-03,513,gnql,2
2021-12-03,514,context,1
2021-12-03,514,gnql,4
2021-12-03,514,riot,1
2021-12-03,521,gnql,53
2021-12-03,522,gnql,97
2021-12-03,523,analysis,2
2021-12-03,523,gnql,36
2021-12-03,523,riot,1
2021-12-03,524,gnql,3
2021-12-03,525,gnql,6
2021-12-03,526,gnql,23
2021-12-03,527,analysis,35
2021-12-03,527,gnql,4
2021-12-03,528,gnql,2
2021-12-03,529,gnql,2
2021-12-03,530,gnql,2
2021-12-03,531,gnql,3
2021-12-03,532,gnql,6
2021-12-03,430,gnql,2
2021-12-03,533,gnql,3
2021-12-03,534,gnql,23
2021-12-03,401,gnql,2
2021-12-03,392,gnql,3
2021-12-03,535,gnql,4
2021-12-03,536,gnql,6
2021-12-04,25,analysis,100
2021-12-04,4,context,85406
2021-12-04,6,context,210
2021-12-04,182,context,287
2021-12-04,67,gnql,2
2021-12-04,176,context,224
2021-12-04,176,gnql,63
2021-12-04,176,noise_quick,790
2021-12-04,350,gnql,2
2021-12-04,359,gnql,484
2021-12-04,520,context,27
2021-12-04,438,gnql,22
2021-12-04,467,gnql,8
2021-12-04,537,context,2
2021-12-04,537,riot,3
2021-12-04,538,gnql,4
2021-12-04,539,gnql,4
2021-12-04,540,analysis,65
2021-12-04,540,gnql,14
2021-12-04,541,gnql,2
2021-12-04,542,gnql,26
2021-12-04,543,context,1
2021-12-04,543,gnql,17
2021-12-04,544,gnql,21
2021-12-04,545,gnql,43
2021-12-04,517,gnql,2
2021-12-04,531,context,14
2021-12-04,533,analysis,2
2021-12-04,533,gnql,20
2021-12-04,434,analysis,64
2021-12-04,434,gnql,62
2021-12-04,390,analysis,4
2021-12-04,390,gnql,123
2021-12-04,546,gnql,2
2021-12-05,4,context,84687
2021-12-05,6,context,195
2021-12-05,182,context,281
2021-12-05,100,gnql,17
2021-12-05,176,context,9193
2021-12-05,176,gnql,12
2021-12-05,176,noise_quick,863
2021-12-05,319,gnql,2
2021-12-05,520,context,20
2021-12-05,464,gnql,2
2021-12-05,507,gnql,51
2021-12-05,513,gnql,2
2021-12-05,547,gnql,17
2021-12-05,548,gnql,6
2021-12-05,540,gnql,2
2021-12-05,549,gnql,24
2021-12-05,133,gnql,1
2021-12-05,550,gnql,102
2021-12-05,551,gnql,11
2021-12-05,552,gnql,6
2021-12-05,457,gnql,36
2021-12-05,340,gnql,6
2021-12-05,553,gnql,26
2021-12-06,25,analysis,27310
2021-12-06,4,context,83195
2021-12-06,6,context,395
2021-12-06,182,context,287
2021-12-06,15,gnql,20
2021-12-06,159,gnql,53
2021-12-06,176,context,6470
2021-12-06,176,gnql,12
2021-12-06,176,noise_quick,575
2021-12-06,197,context,4
2021-12-06,197,riot,4
2021-12-06,371,context,122
2021-12-06,554,analysis,2
2021-12-06,438,analysis,2
2021-12-06,438,gnql,16
2021-12-06,450,gnql,4
2021-12-06,464,analysis,12
2021-12-06,464,gnql,38
2021-12-06,467,gnql,2
2021-12-06,469,analysis,59
2021-12-06,469,gnql,12
2021-12-06,487,gnql,18
2021-12-06,495,analysis,6
2021-12-06,495,gnql,10
2021-12-06,511,gnql,34
2021-12-06,526,gnql,4
2021-12-06,530,gnql,9
2021-12-06,540,analysis,11
2021-12-06,541,gnql,21
2021-12-06,555,analysis,2
2021-12-06,555,gnql,39
2021-12-06,556,gnql,6
2021-12-06,557,gnql,2
2021-12-06,558,gnql,5
2021-12-06,559,gnql,32
2021-12-06,560,gnql,18
2021-12-06,561,gnql,6
2021-12-06,562,context,4
2021-12-06,562,riot,4
2021-12-06,563,gnql,4
2021-12-06,564,gnql,9
2021-12-06,565,context,4
2021-12-06,515,gnql,279
2021-12-06,66,gnql,7
2021-12-06,566,gnql,2
2021-12-06,567,gnql,2
2021-12-06,335,gnql,4
2021-12-06,568,gnql,2
2021-12-06,569,context,1
2021-12-06,569,riot,1
2021-12-06,550,gnql,24
2021-12-06,570,gnql,10
2021-12-06,571,gnql,3
2021-12-06,572,gnql,2
2021-12-06,573,gnql,63
2021-12-06,574,gnql,2
2021-12-06,534,gnql,11
2021-12-06,434,gnql,2
2021-12-06,575,gnql,8
2021-12-06,43,context,1
2021-12-06,43,riot,1
2021-12-06,369,analysis,1422
2021-12-06,284,gnql,2
2021-12-06,392,gnql,3
2021-12-06,426,gnql,3
2021-12-07,4,context,83128
2021-12-07,32,context,1
2021-12-07,6,context,710
2021-12-07,157,gnql,4
2021-12-07,182,context,284
2021-12-07,285,context,1
2021-12-07,15,gnql,10
2021-12-07,142,context,3
2021-12-07,176,context,1514
2021-12-07,176,gnql,12
2021-12-07,176,noise_quick,387
2021-12-07,180,gnql,2
2021-12-07,197,context,2
2021-12-07,197,riot,2
2021-12-07,225,gnql,20
2021-12-07,288,gnql,2
2021-12-07,311,gnql,22
2021-12-07,576,context,2
2021-12-07,576,riot,2
2021-12-07,382,gnql,8
2021-12-07,413,context,1
2021-12-07,413,riot,1
2021-12-07,520,context,19
2021-12-07,450,gnql,10
2021-12-07,513,gnql,3
2021-12-07,527,analysis,211
2021-12-07,527,gnql,23
2021-12-07,529,gnql,5
2021-12-07,530,gnql,2
2021-12-07,540,analysis,7
2021-12-07,540,gnql,4
2021-12-07,556,analysis,6
2021-12-07,556,gnql,8
2021-12-07,562,context,3
2021-12-07,562,riot,4
2021-12-07,565,context,1
2021-12-07,577,analysis,36849
2021-12-07,577,gnql,6
2021-12-07,578,gnql,20
2021-12-07,579,gnql,113
2021-12-07,580,analysis,2
2021-12-07,580,gnql,5
2021-12-07,581,gnql,3
2021-12-07,582,analysis,39
2021-12-07,582,gnql,2
2021-12-07,583,gnql,4
2021-12-07,584,gnql,4
2021-12-07,585,gnql,4
2021-12-07,586,analysis,1
2021-12-07,586,gnql,2
2021-12-07,587,gnql,8
2021-12-07,588,gnql,27
2021-12-07,515,gnql,24
2021-12-07,589,gnql,21
2021-12-07,335,gnql,2
2021-12-07,531,context,85
2021-12-07,550,gnql,5
2021-12-07,590,gnql,2
2021-12-07,591,gnql,2
2021-12-07,573,gnql,54
2021-12-07,400,gnql,2
2021-12-07,426,gnql,3
2021-12-08,25,analysis,98
2021-12-08,25,gnql,16
2021-12-08,4,context,84528
2021-12-08,6,context,924
2021-12-08,6,gnql,2
2021-12-08,182,context,288
2021-12-08,149,analysis,397
2021-12-08,76,analysis,4
2021-12-08,76,gnql,2
2021-12-08,15,gnql,69
2021-12-08,142,context,1
2021-12-08,176,analysis,9
2021-12-08,176,gnql,44
2021-12-08,176,noise_quick,491
2021-12-08,180,gnql,3
2021-12-08,197,context,34
2021-12-08,197,riot,34
2021-12-08,218,analysis,377
2021-12-08,219,noise_quick,17296
2021-12-08,311,gnql,11
2021-12-08,348,gnql,19
2021-12-08,592,context,1
2021-12-08,592,gnql,2
2021-12-08,593,context,1
2021-12-08,593,riot,1
2021-12-08,594,context,1
2021-12-08,594,riot,1
2021-12-08,450,gnql,8
2021-12-08,595,context,2
2021-12-08,595,riot,2
2021-12-08,469,analysis,367
2021-12-08,469,gnql,2
2021-12-08,596,gnql,8
2021-12-08,493,analysis,19
2021-12-08,507,gnql,10
2021-12-08,513,gnql,10
2021-12-08,527,analysis,93
2021-12-08,527,gnql,37
2021-12-08,597,gnql,10
2021-12-08,577,analysis,43807
2021-12-08,577,gnql,5
2021-12-08,583,gnql,26
2021-12-08,588,analysis,3556
2021-12-08,588,gnql,93
2021-12-08,598,gnql,2
2021-12-08,599,gnql,8
2021-12-08,600,gnql,3
2021-12-08,601,analysis,40
2021-12-08,602,gnql,14
2021-12-08,603,gnql,13
2021-12-08,604,gnql,4
2021-12-08,515,gnql,95
2021-12-08,605,gnql,8
2021-12-08,569,context,1
2021-12-08,569,riot,1
2021-12-08,497,gnql,4
2021-12-08,606,gnql,10
2021-12-08,607,gnql,7
2021-12-08,501,analysis,2
2021-12-08,501,gnql,2
2021-12-08,43,context,5
2021-12-08,43,riot,5
2021-12-08,459,gnql,8
2021-12-08,608,gnql,2
2021-12-08,609,gnql,20
2021-12-08,369,analysis,3689
2021-12-08,342,context,1
2021-12-08,342,riot,1
2021-12-08,610,context,1
2021-12-08,610,riot,1
